,Title,Sales,Platform,Date,Genre
0, Halo Wars 2,0.51m,XOne,21st Feb 17  ,Strategy
1, Culdcept,0.29m,3DS,03rd Oct 17  ,Strategy
2, Sid Meier's Civilization VI,0.25m,NS,16th Nov 18  ,Strategy
3, Valkyria Chronicles 4,0.19m,NS,25th Sep 18  ,Strategy
5, Super Robot Wars X,0.13m,PS4,29th Mar 18  ,Strategy
6, Constructor HD,0.11m,PS4,11th Jul 17  ,Strategy
7, Sudden Strike 4,0.10m,PS4,15th Aug 17  ,Strategy
8, Culdcept Revolt,0.07m,3DS,03rd Oct 17  ,Strategy
9, The Banner Saga Trilogy - Bonus Edition,0.07m,PS4,27th Jul 18  ,Strategy
10, Constructor HD,0.07m,XOne,11th Jul 17  ,Strategy
11, Super Robot Wars X,0.07m,PSV,29th Mar 18  ,Strategy
12, Nobunaga's Ambition: Taishi,0.06m,PS4,05th Jun 18  ,Strategy
13, Aven Colony,0.06m,XOne,01st Aug 17  ,Strategy
14, Aven Colony,0.06m,PS4,01st Aug 17  ,Strategy
15, The Banner Saga Trilogy - Bonus Edition,0.05m,XOne,27th Jul 18  ,Strategy
16, Dungeons 3,0.04m,PS4,17th Oct 17  ,Strategy
17, SD Gundam G Generation Genesis,0.04m,NS,26th Apr 18  ,Strategy
18," Warhammer 40,000: Dawn of War III",0.04m,PC,27th Apr 17  ,Strategy
19, Shadow Tactics: Blades of the Shogun,0.04m,PS4,01st Aug 17  ,Strategy
20, 8-Bit Armies,0.03m,PS4,21st Sep 18  ,Strategy
21, Future Card Buddyfight Mezase! Buddy Champion!,0.03m,3DS,16th Mar 17  ,Strategy
22, 8-Bit Armies,0.03m,XOne,21st Sep 18  ,Strategy
23, Dynasty Warriors: Godseekers,0.03m,PS4,31st Jan 17  ,Strategy
24, Nobunaga's Ambition: Sphere of Influence with Power-Up Kit,0.03m,NS,03rd Mar 17  ,Strategy
25, Blackguards 2,0.03m,PS4,12th Sep 17  ,Strategy
26, Dynasty Warriors: Godseekers,0.03m,PSV,31st Jan 17  ,Strategy
27, God Wars The Complete Legend,0.03m,NS,04th Sep 18  ,Strategy
28, Sudden Strike 4,0.02m,XOne,26th Jun 18  ,Strategy
29, Space Hulk Tactics,0.02m,PS4,09th Oct 18  ,Strategy
30, This Is the Police 2,0.02m,PS4,25th Sep 18  ,Strategy
31,  No Heroes Allowed! VR,0.02m,PS4,17th Oct 17  ,Strategy
32, ArmaGallant: Decks of Destiny,0.02m,PS4,04th Apr 17  ,Strategy
33, Armello,0.02m,PS4,13th Mar 18  ,Strategy
34, This Is the Police 2,0.02m,XOne,25th Sep 18  ,Strategy
35, Space Hulk Tactics,0.02m,XOne,09th Oct 18  ,Strategy
36, Halo Wars 2,0.02m,PC,21st Feb 17  ,Strategy
37, Dungeons 3,0.02m,XOne,17th Oct 17  ,Strategy
38, Blackguards 2,0.02m,XOne,19th Sep 17  ,Strategy
39, Future Card Buddyfight: Tanjou! Oretachi no Saikyou Body!,0.02m,3DS,15th Mar 18  ,Strategy
40, Lock's Quest,0.02m,XOne,30th May 17  ,Strategy
41, Tokyo Tattoo Girls,0.02m,PSV,14th Nov 17  ,Strategy
42, Nobunaga's Ambition: Taishi,0.01m,NS,30th Nov 17  ,Strategy
43, Hakoniwa Company Works,0.01m,PS4,13th Jul 17  ,Strategy
44, Shadow Tactics: Blades of the Shogun,0.01m,XOne,01st Aug 17  ,Strategy
45, Mercenaries Saga Chronicles,0.01m,NS,11th Sep 18  ,Strategy
46, This Is the Police 2,0.01m,NS,25th Sep 18  ,Strategy
47, Jagged Alliance: Rage!,0.01m,PS4,07th Dec 18  ,Strategy
48, Lock's Quest,0.01m,PS4,30th May 17  ,Strategy
49, Jagged Alliance: Rage!,0.01m,XOne,07th Dec 18  ,Strategy
50, Valhalla Hills: Definitive Edition,0.01m,PS4,25th Apr 17  ,Strategy
51, Valhalla Hills: Definitive Edition,0.00m,XOne,25th Apr 17  ,Strategy
52, FIFA 18,11.80m,PS4,29th Sep 17  ,Sports
53, FIFA 19,9.15m,PS4,28th Sep 18  ,Sports
54, NBA 2K18,3.34m,PS4,19th Sep 17  ,Sports
55, FIFA 18,3.14m,XOne,29th Sep 17  ,Sports
56, NBA 2K19,2.63m,PS4,11th Sep 18  ,Sports
57, Madden NFL 18,2.62m,PS4,25th Aug 17  ,Sports
58, FIFA 19,2.22m,XOne,28th Sep 18  ,Sports
59, Madden NFL 19,2.21m,PS4,10th Aug 18  ,Sports
60, NBA 2K18,2.02m,XOne,19th Sep 17  ,Sports
61, Madden NFL 18,1.91m,XOne,25th Aug 17  ,Sports
62, NBA 2K19,1.74m,XOne,11th Sep 18  ,Sports
63, Madden NFL 19,1.51m,XOne,10th Aug 18  ,Sports
64, WWE 2K18,1.33m,PS4,17th Oct 17  ,Sports
65, MLB The Show 17,1.16m,PS4,28th Mar 17  ,Sports
66, FIFA 18,1.10m,NS,29th Sep 17  ,Sports
67, MLB The Show 18,1.06m,PS4,27th Mar 18  ,Sports
68, EA Sports UFC 3,0.97m,PS4,02nd Feb 18  ,Sports
69, Pro Evolution Soccer 2018,0.75m,PS4,12th Sep 17  ,Sports
70, FIFA 19,0.75m,NS,28th Sep 18  ,Sports
71, WWE 2K18,0.66m,XOne,17th Oct 17  ,Sports
72, NHL 18,0.57m,PS4,15th Sep 17  ,Sports
73, Everybody's Golf,0.56m,PS4,29th Aug 17  ,Sports
74, FIFA 18,0.54m,PS3,29th Sep 17  ,Sports
75, Pro Evolution Soccer 2019,0.50m,PS4,28th Aug 18  ,Sports
76, Mario Sports Superstars,0.46m,3DS,24th Mar 17  ,Sports
77, EA Sports UFC 3,0.44m,XOne,02nd Feb 18  ,Sports
78, NBA 2K18,0.43m,NS,19th Sep 17  ,Sports
79, NHL 19,0.43m,PS4,14th Sep 18  ,Sports
80, Rocket League,0.40m,NS,16th Jan 18  ,Sports
81, NHL 18,0.39m,XOne,15th Sep 17  ,Sports
82, NBA 2K19,0.30m,NS,11th Sep 18  ,Sports
83, NHL 19,0.29m,XOne,14th Sep 18  ,Sports
84, FIFA 18,0.26m,X360,29th Sep 17  ,Sports
85, Jikkyou Powerful Pro Baseball 2018,0.26m,PS4,26th Apr 18  ,Sports
86, NBA Live 18,0.24m,PS4,15th Sep 17  ,Sports
87, WWE 2K18,0.23m,NS,05th Dec 17  ,Sports
88, NBA Live 18,0.21m,XOne,15th Sep 17  ,Sports
89, NBA Live 19,0.19m,PS4,07th Sep 18  ,Sports
90, Creed: Rise to Glory,0.19m,PS4,25th Sep 18  ,Sports
91, Sports Party,0.17m,NS,30th Oct 18  ,Sports
92, NBA Live 19,0.15m,XOne,07th Sep 18  ,Sports
93, NBA 2K Playgrounds 2,0.14m,NS,09th Nov 18  ,Sports
94, R.B.I. Baseball 18,0.13m,XOne,20th Mar 18  ,Sports
95, Pro Baseball Famista Climax,0.13m,3DS,20th Apr 17  ,Sports
96, R.B.I. Baseball 18,0.13m,NS,20th Mar 18  ,Sports
97, Golf Club 2,0.13m,PS4,27th Jun 17  ,Sports
98, Pro Yakyuu Famista Evolution,0.12m,NS,02nd Aug 18  ,Sports
99, Jikkyou Powerful Pro Baseball 2018,0.12m,PSV,26th Apr 18  ,Sports
100, Pro Evolution Soccer 2018,0.12m,XOne,12th Sep 17  ,Sports
101, NBA 2K18,0.11m,X360,19th Sep 17  ,Sports
102, Rugby League Live 4,0.09m,PS4,28th Jul 17  ,Sports
103, Pro Evolution Soccer 2018,0.09m,PS3,12th Sep 17  ,Sports
104, NBA 2K18,0.09m,PS3,19th Sep 17  ,Sports
105, Mutant Football League: Dynasty Edition,0.09m,NS,30th Oct 18  ,Sports
106, FIFA 18,0.08m,PC,29th Sep 17  ,Sports
107, R.B.I. Baseball 2017,0.08m,NS,05th Sep 17  ,Sports
108, NBA 2K Playgrounds 2,0.08m,PS4,16th Oct 18  ,Sports
109, R.B.I. Baseball 18,0.07m,PS4,20th Mar 18  ,Sports
110, Mutant Football League: Dynasty Edition,0.07m,PS4,30th Oct 18  ,Sports
111, R.B.I. Baseball 2017,0.07m,XOne,28th Mar 17  ,Sports
112, FIFA 19,0.06m,X360,28th Sep 18  ,Sports
113, Rugby 18,0.06m,PS4,24th Oct 17  ,Sports
114, Golf Club 2019,0.06m,PS4,13th Nov 18  ,Sports
115, NBA 2K Playgrounds 2,0.06m,XOne,16th Oct 18  ,Sports
116, Golf Club 2,0.06m,XOne,27th Jun 17  ,Sports
117, Pro Evolution Soccer 2019,0.05m,XOne,28th Aug 18  ,Sports
118, Golf Club 2019,0.05m,XOne,13th Nov 18  ,Sports
119, Rugby 18,0.05m,XOne,24th Oct 17  ,Sports
120, Ashes Cricket,0.05m,XOne,16th Nov 17  ,Sports
121, 8 to Glory: The Official Game of the PBR,0.04m,PS4,30th Oct 18  ,Sports
122, Mutant Football League: Dynasty Edition,0.04m,XOne,30th Oct 18  ,Sports
123, Tennis World Tour,0.04m,PS4,22nd May 18  ,Sports
124, FIFA 19,0.04m,PS3,28th Sep 18  ,Sports
125, R.B.I. Baseball 2017,0.04m,PS4,28th Mar 17  ,Sports
126, Tennis World Tour,0.04m,XOne,22nd May 18  ,Sports
127, Pro Evolution Soccer 2018,0.03m,X360,12th Sep 17  ,Sports
128, Legendary Fishing,0.03m,PS4,18th Sep 18  ,Sports
129, Rugby League Live 4,0.02m,XOne,28th Jul 17  ,Sports
130, 8 to Glory: The Official Game of the PBR,0.02m,XOne,30th Oct 18  ,Sports
131, Winning Post 8 2018,0.02m,PS4,15th Mar 18  ,Sports
132, Crayola Scoot,0.02m,PS4,16th Oct 18  ,Sports
133, Tennis World Tour,0.02m,NS,10th Jul 18  ,Sports
134, Crayola Scoot,0.02m,XOne,16th Oct 18  ,Sports
135, Pro Evolution Soccer 2018,0.01m,PC,12th Sep 17  ,Sports
136, Crayola Scoot,0.01m,NS,16th Oct 18  ,Sports
137, Winning Post 8 2018,0.01m,NS,15th Mar 18  ,Sports
138, Winning Post 8 2018,0.01m,PSV,15th Mar 18  ,Sports
139, Legendary Fishing,0.01m,NS,18th Sep 18  ,Sports
140, The Sims 4,1.39m,PS4,17th Nov 17  ,Simulation
141, The Sims 4,0.73m,XOne,17th Nov 17  ,Simulation
142, Farming Simulator 19,0.58m,PC,20th Nov 18  ,Simulation
143, Story of Seasons: Trio of Towns,0.49m,3DS,28th Feb 17  ,Simulation
144, Jurassic World Evolution,0.47m,PS4,03rd Jul 18  ,Simulation
145, Farming Simulator 19,0.47m,PS4,20th Nov 18  ,Simulation
146, Style Savvy: Styling Star,0.45m,3DS,25th Dec 17  ,Simulation
147, Farming Simulator 19,0.32m,XOne,20th Nov 18  ,Simulation
148, Cities: Skylines,0.30m,PS4,15th Aug 17  ,Simulation
150, Overcooked! 2,0.29m,NS,07th Aug 18  ,Simulation
151, Spintires: MudRunner,0.28m,PS4,31st Oct 17  ,Simulation
152, Jurassic World Evolution,0.26m,XOne,03rd Jul 18  ,Simulation
153, The Sims 4: Cats & Dogs,0.21m,PC,10th Nov 17  ,Simulation
154, Elite: Dangerous,0.19m,PS4,27th Jun 17  ,Simulation
155, Cities: Skylines,0.18m,XOne,21st Apr 17  ,Simulation
156, Harvest Moon: Light of Hope,0.17m,NS,29th May 18  ,Simulation
157, Overcooked! 2,0.16m,PS4,07th Aug 18  ,Simulation
158, Spintires: MudRunner,0.15m,XOne,31st Oct 17  ,Simulation
159, Little Dragons Café,0.13m,NS,24th Aug 18  ,Simulation
160, Farming Simulator 17,0.13m,NS,07th Nov 17  ,Simulation
161, Farming Simulator 18,0.12m,3DS,06th Jun 17  ,Simulation
162, Job Simulator,0.12m,PS4,17th Apr 17  ,Simulation
163, Overcooked Special Edition,0.11m,NS,13th Feb 18  ,Simulation
164, Football Manager 2019,0.11m,PC,02nd Nov 18  ,Simulation
165, Slime Rancher,0.10m,PS4,04th Sep 18  ,Simulation
166, Stardew Valley,0.10m,PS4,11th Apr 17  ,Simulation
167, Zone of the Enders: The 2nd Runner MARS,0.10m,PS4,04th Sep 18  ,Simulation
168, Real Farm,0.10m,XOne,27th Oct 17  ,Simulation
169, Slime Rancher,0.10m,XOne,04th Sep 18  ,Simulation
170, Train Sim World,0.09m,PS4,24th Jul 18  ,Simulation
171, Elite: Dangerous,0.08m,XOne,27th Jun 17  ,Simulation
172, Rapala Fishing Pro Series,0.08m,PS4,24th Oct 17  ,Simulation
173, Overcooked! 2,0.08m,XOne,07th Aug 18  ,Simulation
174, Rick & Morty Virtual Rick-Ality,0.08m,PS4,24th Apr 18  ,Simulation
175, Harvest Moon: Light of Hope,0.07m,PS4,29th May 18  ,Simulation
176, Bass Pro Shops: The Strike - Championship Edition,0.07m,NS,09th Nov 18  ,Simulation
177, Cabela's The Hunt: Championship Edition Bundle,0.07m,NS,09th Nov 18  ,Simulation
178, Cooking Mama: Sweet Shop,0.07m,3DS,16th May 17  ,Simulation
179, Le Tour de France 2017,0.07m,PS4,15th Jun 17  ,Simulation
180, The Sims 4: Get Famous,0.06m,PC,16th Nov 18  ,Simulation
181, X-Plane 11,0.06m,PC,06th Apr 17  ,Simulation
182, Rapala Fishing Pro Series,0.06m,XOne,24th Oct 17  ,Simulation
183, The Sims 4 Seasons,0.05m,PC,22nd Jun 18  ,Simulation
184, The Long Dark,0.05m,XOne,04th Sep 18  ,Simulation
185, Period Cube ~Shackles of Amadeus~,0.05m,PSV,28th Apr 17  ,Simulation
186, The Long Dark,0.05m,PS4,04th Sep 18  ,Simulation
187, Little Dragons Café,0.05m,PS4,24th Aug 18  ,Simulation
188, Real Farm,0.05m,PS4,27th Oct 17  ,Simulation
189, My Riding Stables: Life with Horses,0.05m,NS,13th Nov 18  ,Simulation
190, Fishing Sim World,0.05m,PS4,18th Sep 18  ,Simulation
191, Surviving Mars,0.05m,XOne,15th Mar 18  ,Simulation
192, Fishing Sim World,0.05m,XOne,18th Sep 18  ,Simulation
193, The Settlers History Collection,0.04m,PC,15th Nov 18  ,Simulation
194, Pure Farming 2018,0.04m,PS4,13th Mar 18  ,Simulation
195, Air Conflicts: Secret Wars,0.04m,PS4,04th Apr 17  ,Simulation
196, My Riding Stables: Life with Horses,0.04m,PS4,13th Nov 18  ,Simulation
197, Surviving Mars,0.04m,PS4,15th Mar 18  ,Simulation
198, Farming Simulator 17: Straw Harvest,0.04m,PC,30th Nov 17  ,Simulation
199, Kawaii Pet to Kurasou! Wan Nyan & Mini Mini Animal,0.04m,3DS,06th Apr 17  ,Simulation
200, Railway Empire,0.03m,XOne,30th Jan 18  ,Simulation
201, Pure Farming 2018,0.03m,XOne,13th Mar 18  ,Simulation
202, Railway Empire,0.03m,PS4,30th Jan 18  ,Simulation
203, Train Sim World,0.03m,XOne,24th Jul 18  ,Simulation
204, Stardew Valley,0.03m,XOne,11th Apr 17  ,Simulation
205, Bridge Constructor Portal,0.03m,PS4,28th Aug 18  ,Simulation
206, Air Missions: Hind,0.03m,PS4,09th Oct 18  ,Simulation
207, Cats Together,0.02m,NS,01st Nov 18  ,Simulation
208, Cats Together,0.02m,3DS,21st Nov 18  ,Simulation
209, Gal Gun 2,0.02m,NS,24th Apr 18  ,Simulation
210, This Is The Police,0.02m,PS4,22nd Mar 17  ,Simulation
211, A-Train Exp.,0.02m,PS4,21st Dec 17  ,Simulation
212, Project Highrise: Architect's Edition,0.02m,PS4,13th Nov 18  ,Simulation
213, Project Highrise: Architect's Edition,0.02m,NS,13th Nov 18  ,Simulation
214, Tour de France 2018,0.02m,PS4,28th Jun 18  ,Simulation
215, Le Tour de France 2017,0.02m,XOne,15th Jun 17  ,Simulation
216, Rapala Fishing Pro Series,0.02m,NS,16th Oct 18  ,Simulation
217, Motorsport Manager (2017),0.02m,PC,27th Mar 17  ,Simulation
218, Project Highrise: Architect's Edition,0.01m,XOne,13th Nov 18  ,Simulation
219, Le Tour de France 2017,0.01m,PC,15th Jun 17  ,Simulation
220, Gal Gun 2,0.01m,PS4,24th Apr 18  ,Simulation
221, Champion Jockey Special,0.01m,NS,14th Sep 17  ,Simulation
222, Farming Simulator 18,0.01m,PSV,06th Jun 17  ,Simulation
223, Neo Atlas 1469,0.01m,NS,19th Apr 18  ,Simulation
224, Happy Manager: Shiawase Zhuang no Kanrinin San,0.01m,PS4,11th Jan 18  ,Simulation
225, Farming Simulator 17: Big Bud,0.01m,PC,09th May 17  ,Simulation
226, This Is The Police,0.01m,XOne,22nd Mar 17  ,Simulation
227, Pure Farming 2018,0.00m,PC,13th Mar 18  ,Simulation
228, Railway Empire,0.00m,PC,30th Jan 18  ,Simulation
229, This is the Police,0.00m,NS,05th Dec 17  ,Simulation
230, Pro Cycling Manager 2018,0.00m,PC,28th Jun 18  ,Simulation
231, Call of Duty: WWII,13.40m,PS4,03rd Nov 17  ,Shooter
232, Call of Duty: Black Ops IIII,9.32m,PS4,12th Oct 18  ,Shooter
233, Call of Duty: WWII,6.23m,XOne,03rd Nov 17  ,Shooter
234, Call of Duty: Black Ops IIII,4.85m,XOne,12th Oct 18  ,Shooter
235, Star Wars Battlefront II (2017),4.53m,PS4,17th Nov 17  ,Shooter
236, Destiny 2,4.14m,PS4,06th Sep 17  ,Shooter
237, Tom Clancy's Ghost Recon Wildlands,3.12m,PS4,07th Mar 17  ,Shooter
238, Destiny 2,2.35m,XOne,06th Sep 17  ,Shooter
239, Battlefield V,2.22m,PS4,20th Nov 18  ,Shooter
240, PlayerUnknown's Battlegrounds,2.17m,XOne,12th Dec 17  ,Shooter
241, Star Wars Battlefront II (2017),1.92m,XOne,17th Nov 17  ,Shooter
242, Tom Clancy's Ghost Recon Wildlands,1.61m,XOne,07th Mar 17  ,Shooter
243, Battlefield V,1.55m,XOne,20th Nov 18  ,Shooter
244, Wolfenstein II: The New Colossus,1.36m,PS4,27th Oct 17  ,Shooter
245, Prey (2017),1.04m,PS4,05th May 17  ,Shooter
246, Wolfenstein II: The New Colossus,0.70m,XOne,27th Oct 17  ,Shooter
247, Fortnite,0.69m,NS,16th Nov 18  ,Shooter
248, Call of Duty: Modern Warfare Remastered,0.58m,PS4,27th Jun 17  ,Shooter
249, DOOM VFR,0.56m,PS4,01st Dec 17  ,Shooter
250, Sniper Elite 4,0.55m,PS4,14th Feb 17  ,Shooter
251, Farpoint,0.48m,PS4,16th May 17  ,Shooter
252, Prey (2017),0.45m,XOne,05th May 17  ,Shooter
253, Doom (2016),0.43m,NS,10th Nov 17  ,Shooter
254, Firewall: Zero Hour,0.37m,PS4,29th Aug 18  ,Shooter
255, Destiny 2: Forsaken,0.36m,PS4,04th Sep 18  ,Shooter
256, Sniper: Ghost Warrior 3,0.36m,PS4,25th Apr 17  ,Shooter
257, PlayerUnknown's Battlegrounds,0.33m,PS4,07th Dec 18  ,Shooter
258, Sniper Elite 4,0.30m,XOne,14th Feb 17  ,Shooter
259, Bravo Team,0.27m,PS4,06th Mar 18  ,Shooter
260, Call of Duty: Modern Warfare Remastered,0.24m,XOne,27th Jul 17  ,Shooter
261, theHunter: Call of the Wild,0.24m,PS4,02nd Oct 17  ,Shooter
262, theHunter: Call of the Wild,0.21m,XOne,02nd Oct 17  ,Shooter
263, Call of Duty: WWII,0.19m,PC,03rd Nov 17  ,Shooter
264, Sniper: Ghost Warrior 3,0.18m,XOne,25th Apr 17  ,Shooter
265, Destiny 2,0.16m,PC,23rd Oct 17  ,Shooter
266, Destiny 2: Forsaken,0.13m,XOne,04th Sep 18  ,Shooter
267, Call of Duty: Black Ops IIII,0.13m,PC,12th Oct 18  ,Shooter
268, Bulletstorm: Full Clip Edition,0.13m,PS4,07th Apr 17  ,Shooter
269, Wolfenstein The Two Pack,0.12m,XOne,22nd Aug 17  ,Shooter
270, Payday 2,0.12m,NS,27th Feb 18  ,Shooter
271, Wolfenstein II: The New Colossus,0.11m,NS,29th Jun 18  ,Shooter
272, Wolfenstein The Two Pack,0.10m,PS4,22nd Aug 17  ,Shooter
273, Battlefield V,0.10m,PC,20th Nov 18  ,Shooter
274,  Red Faction: Guerrilla Re-Mars-tered,0.09m,PS4,03rd Jul 18  ,Shooter
275, Borderlands 2 VR,0.09m,PS4,14th Dec 18  ,Shooter
276, Strange Brigade,0.09m,PS4,28th Aug 18  ,Shooter
277, Bulletstorm: Full Clip Edition,0.08m,XOne,07th Apr 17  ,Shooter
278, Wild Guns Reloaded,0.07m,NS,17th Apr 18  ,Shooter
279, Hunting Simulator,0.07m,PS4,11th Jul 17  ,Shooter
280, Touhou Kobuto V: Burst Battle,0.06m,NS,10th Oct 17  ,Shooter
281, Killing Floor 2,0.06m,XOne,29th Aug 17  ,Shooter
282, Hunting Simulator,0.06m,XOne,11th Jul 17  ,Shooter
283, Starblood Arena,0.05m,PS4,11th Apr 17  ,Shooter
284, Strange Brigade,0.05m,XOne,28th Aug 18  ,Shooter
285, Star Wars Battlefront II (2017),0.05m,PC,17th Nov 17  ,Shooter
286,  Red Faction: Guerrilla Re-Mars-tered,0.05m,XOne,03rd Jul 18  ,Shooter
287, Dead Alliance,0.04m,PS4,29th Aug 17  ,Shooter
288, Deer Hunter Reloaded,0.04m,PS4,24th Oct 17  ,Shooter
289, Raid: World War II,0.04m,PS4,10th Oct 17  ,Shooter
290, Deer Hunter Reloaded,0.04m,XOne,24th Oct 17  ,Shooter
291, Tom Clancy's Ghost Recon Wildlands,0.04m,PC,07th Mar 17  ,Shooter
292, Black Clover: Quartet Knights,0.04m,PS4,14th Sep 18  ,Shooter
293, Danganronpa Another Episode: Ultra Despair Girls,0.04m,PS4,27th Jun 17  ,Shooter
294, Dead Alliance,0.04m,XOne,29th Aug 17  ,Shooter
295, Operation Warcade,0.04m,PS4,04th Sep 18  ,Shooter
296, Raid: World War II,0.03m,XOne,10th Oct 17  ,Shooter
297, Touhou Kobuto V: Burst Battle,0.03m,PS4,10th Oct 17  ,Shooter
298, Big Buck Hunter Arcade,0.02m,PS4,17th Jan 17  ,Shooter
299, Hunting Simulator,0.02m,NS,10th Jul 18  ,Shooter
300, Destiny 2: Forsaken,0.02m,PC,04th Sep 18  ,Shooter
301, Rogue Trooper Redux,0.02m,XOne,17th Oct 17  ,Shooter
302, Rogue Trooper Redux,0.02m,PS4,17th Oct 17  ,Shooter
303, Space Hulk: Deathwing,0.02m,PS4,05th Dec 17  ,Shooter
304, Tempest 4000,0.01m,XOne,27th Jul 18  ,Shooter
305, Big Buck Hunter Arcade,0.01m,NS,16th Oct 18  ,Shooter
306, Tempest 4000,0.01m,PS4,27th Jul 18  ,Shooter
307, Mothergunship,0.01m,XOne,24th Aug 18  ,Shooter
308, Mothergunship,0.01m,PS4,24th Aug 18  ,Shooter
309, Gungrave VR,0.01m,PS4,11th Dec 18  ,Shooter
310, Game Tengoku: CruisinMix,0.00m,PS4,30th Nov 17  ,Shooter
311, DOOM VFR,0.00m,PC,01st Dec 17  ,Shooter
312," Warhammer 40,000: Eternal Crusade",0.00m,PC,16th Mar 17  ,Shooter
313, Minecraft,1.89m,NS,21st Jun 18  ,Sandbox
314, Dragon Quest XI: Echoes of an Elusive Age,2.04m,PS4,04th Sep 18  ,Role-Playing
315, Dragon Quest XI,1.82m,3DS,29th Jul 17  ,Role-Playing
316, Persona 5,1.64m,PS4,04th Apr 17  ,Role-Playing
317, Mass Effect: Andromeda,1.49m,PS4,21st Mar 17  ,Role-Playing
318, South Park: The Fractured But Whole,1.43m,PS4,17th Oct 17  ,Role-Playing
319, Fallout 76,1.32m,PS4,14th Nov 18  ,Role-Playing
320, The Elder Scrolls V: Skyrim,1.15m,NS,17th Nov 17  ,Role-Playing
321, Dragon Quest VIII: Journey of the Cursed King,1.15m,3DS,20th Jan 17  ,Role-Playing
322, The Elder Scrolls V: Skyrim VR,1.13m,PS4,17th Nov 17  ,Role-Playing
323, Fallout 76,0.93m,XOne,14th Nov 18  ,Role-Playing
324, Ni no Kuni II: Revenant Kingdom,0.89m,PS4,23rd Mar 18  ,Role-Playing
325, Yokai Watch 3: Sukiyaki,0.81m,3DS,02nd Feb 19  ,Role-Playing
326, Final Fantasy Type-0,0.81m,PSP,31st Dec 20  ,Role-Playing
327, Mass Effect: Andromeda,0.78m,XOne,21st Mar 17  ,Role-Playing
328, Fire Emblem Echoes: Shadows of Valentia,0.75m,3DS,19th May 17  ,Role-Playing
329, Monster Hunter Stories,0.70m,3DS,08th Sep 17  ,Role-Playing
330, Dragon Quest Monsters: Caravan Heart,0.66m,GBA,31st Dec 20  ,Role-Playing
331, Tales of Berseria,0.65m,PS4,24th Jan 17  ,Role-Playing
332, South Park: The Fractured But Whole,0.62m,XOne,17th Oct 17  ,Role-Playing
333, Kingdom Come: Deliverance,0.56m,PS4,13th Feb 18  ,Role-Playing
334, Mario & Luigi Superstar Saga + Bowser's Minions,0.51m,3DS,06th Oct 17  ,Role-Playing
335, Yokai Watch Busters 2: Hihou Densetsu Banbarayaa - Magnum / Sword,0.51m,3DS,16th Dec 17  ,Role-Playing
336, Dark Souls: Remastered,0.49m,PS4,25th May 18  ,Role-Playing
337, Vampyr,0.37m,PS4,05th Jun 18  ,Role-Playing
338, Dark Souls: Remastered,0.33m,NS,19th Oct 18  ,Role-Playing
339, Sword Art Online: Fatal Bullet,0.29m,PS4,23rd Feb 18  ,Role-Playing
340, Ever Oasis,0.29m,3DS,23rd Jun 17  ,Role-Playing
341, Secret of Mana,0.28m,PS4,15th Feb 18  ,Role-Playing
342, Etrian Odyssey V: Beyond the Myth,0.27m,3DS,17th Oct 17  ,Role-Playing
343,  The Snack World: TreJarers,0.27m,3DS,10th Aug 17  ,Role-Playing
344, The World Ends with You: Final Remix,0.27m,NS,12th Oct 18  ,Role-Playing
345, Sword Art Online: Hollow Realization,0.26m,PSV,01st Jan 18  ,Role-Playing
346, Valkyria Chronicles 4,0.25m,PS4,25th Sep 18  ,Role-Playing
347, Persona 5,0.24m,PS3,04th Apr 17  ,Role-Playing
348, .hack//G.U. Last Recode,0.24m,PS4,03rd Nov 17  ,Role-Playing
349, Digimon World: Next Order,0.24m,PS4,31st Jan 17  ,Role-Playing
350, Elex,0.23m,PS4,17th Oct 17  ,Role-Playing
351, Pokémon Gold/Pokémon Silver,0.22m,3DS,22nd Sep 17  ,Role-Playing
352, Dragon Quest Builders: Revive Alefgard,0.22m,NS,09th Feb 18  ,Role-Playing
353, Kingdom Come: Deliverance,0.22m,XOne,13th Feb 18  ,Role-Playing
354, Ys VIII: Lacrimosa of Dana,0.21m,PS4,12th Sep 17  ,Role-Playing
355, Radiant Historia: Perfect Chronology,0.21m,3DS,13th Feb 18  ,Role-Playing
356, Fallout 76,0.21m,PC,14th Nov 18  ,Role-Playing
357, Dragon's Dogma: Dark Arisen,0.21m,PS4,03rd Oct 17  ,Role-Playing
358, Dragon Quest Monsters: Joker 3 - Professional,0.20m,3DS,09th Feb 17  ,Role-Playing
359, Kingdom Hearts: The Story So Far,0.20m,PS4,30th Oct 18  ,Role-Playing
360, Shin Megami Tensei: Strange Journey Redux,0.20m,3DS,15th May 18  ,Role-Playing
361, God Eater 3,0.19m,PS4,08th Feb 19  ,Role-Playing
362, Tokyo Xanadu,0.19m,PSV,30th Jun 17  ,Role-Playing
363, Digimon Story: Cyber Sleuth - Hacker's Memory,0.16m,PS4,19th Jan 18  ,Role-Playing
364, Pillars of Eternity,0.16m,PS4,29th Aug 17  ,Role-Playing
365, Valkyria Revolution,0.16m,PS4,27th Jun 17  ,Role-Playing
366, Xenoblade Chronicles 2: Torna ~ The Golden Country,0.16m,NS,21st Sep 18  ,Role-Playing
367, Black * Rock Shooter: The Game,0.15m,PSP,31st Dec 20  ,Role-Playing
368, Super Robot Wars V,0.15m,PS4,23rd Feb 17  ,Role-Playing
369, Blue Reflection: Maboroshi ni Mau - Shoujo no Ken,0.14m,PS4,26th Sep 17  ,Role-Playing
370, Cyberdimension Neptunia: 4 Goddesses Online,0.14m,PS4,10th Oct 17  ,Role-Playing
371, South Park: The Fractured But Whole,0.14m,NS,24th Apr 18  ,Role-Playing
372, Ys VIII: Lacrimosa of Dana,0.14m,PSV,12th Sep 17  ,Role-Playing
373, Divinity: Original Sin II,0.13m,PS4,31st Aug 18  ,Role-Playing
374, The Legend of Heroes: Trails of Cold Steel IV,0.13m,PS4,27th Oct 20  ,Role-Playing
375, Mass Effect: Andromeda,0.13m,PC,21st Mar 17  ,Role-Playing
376, The Legend of Heroes: Trails of Cold Steel III,0.13m,PS4,24th Sep 19  ,Role-Playing
377, Dragon's Crown Pro,0.12m,PS4,24th Apr 18  ,Role-Playing
378, Super Robot Wars V,0.12m,PSV,23rd Feb 17  ,Role-Playing
379, Portal Knights,0.12m,PS4,23rd May 17  ,Role-Playing
380, Vampyr,0.12m,XOne,05th Jun 18  ,Role-Playing
381, Pokémon Crystal Version,0.12m,3DS,26th Jan 18  ,Role-Playing
382, The Snack World: Trejarers Gold,0.12m,NS,14th Feb 20  ,Role-Playing
383, Call of Cthulhu,0.12m,PS4,30th Oct 18  ,Role-Playing
384, The Alliance Alive,0.11m,3DS,27th Mar 18  ,Role-Playing
385, Ys VIII: Lacrimosa of Dana,0.11m,NS,26th Jun 18  ,Role-Playing
386, Dark Souls: Remastered,0.11m,XOne,25th May 18  ,Role-Playing
387, Etrian Odyssey Nexus,0.11m,3DS,05th Feb 19  ,Role-Playing
388, Tokyo Xanadu eX+,0.10m,PS4,08th Dec 17  ,Role-Playing
389, Persona Q2: New Cinema Labyrinth,0.10m,3DS,04th Jun 19  ,Role-Playing
390, Sword Art Online: Fatal Bullet,0.10m,XOne,23rd Feb 18  ,Role-Playing
391, Summon Night 6: Lost Borders,0.09m,PSV,31st Oct 17  ,Role-Playing
392, Dark Souls Trilogy,0.09m,PS4,19th Oct 18  ,Role-Playing
393, Dragon Quest Heroes I & II for Nintendo Switch,0.09m,NS,03rd Mar 17  ,Role-Playing
394, Summon Night 6: Lost Borders,0.09m,PS4,31st Oct 17  ,Role-Playing
395, Dark Rose Valkyrie,0.09m,PS4,06th Jun 17  ,Role-Playing
396, Shining Resonance Refrain,0.09m,NS,10th Jul 18  ,Role-Playing
397, Shining Resonance Refrain,0.08m,PS4,10th Jul 18  ,Role-Playing
398, Atelier Firis: The Alchemist and the Mysterious Journey,0.08m,PS4,07th Mar 17  ,Role-Playing
399, God Wars: Future Past,0.07m,PS4,20th Jun 17  ,Role-Playing
400, The Witch and the Hundred Knight 2,0.07m,PS4,27th Mar 18  ,Role-Playing
401, Seiken Densetsu Collection,0.07m,NS,01st Jun 17  ,Role-Playing
402, The Caligula Effect,0.07m,PSV,02nd May 17  ,Role-Playing
403, Disgaea 1 Complete,0.07m,PS4,09th Oct 18  ,Role-Playing
404, Dragon's Crown Pro,0.07m,PS4,15th May 18  ,Role-Playing
405, RPG Maker: Fes,0.07m,3DS,27th Jun 17  ,Role-Playing
406, Mary Skelter: Nightmares,0.06m,PSV,19th Sep 17  ,Role-Playing
407, Victor Vran: Overkill Edition,0.06m,NS,28th Aug 18  ,Role-Playing
408, Atelier Lydie & Suelle: The Alchemists and the Mysterious Paintings,0.06m,PS4,27th Mar 18  ,Role-Playing
409, Dragon Quest X: All in One Package,0.06m,PS4,17th Aug 17  ,Role-Playing
410, Dungeon Travelers 2-2: The Maiden Who Fell into Darkness and the Book of Beginnings,0.06m,PSV,20th Apr 17  ,Role-Playing
411, Shadows Awakening,0.06m,PS4,04th Sep 18  ,Role-Playing
412, Disgaea 1 Complete,0.06m,NS,09th Oct 18  ,Role-Playing
413, Portal Knights,0.06m,NS,13th Feb 18  ,Role-Playing
414, Etrian Mystery Dungeon 2,0.06m,3DS,31st Aug 17  ,Role-Playing
415, Battle Chasers: Nightwar,0.06m,PS4,03rd Oct 17  ,Role-Playing
416, Call of Cthulhu,0.05m,XOne,30th Oct 18  ,Role-Playing
417, Valkyria Revolution,0.05m,PSV,27th Jun 17  ,Role-Playing
418, Demon Gaze 2,0.05m,PSV,14th Nov 17  ,Role-Playing
419, New Tokyo Legacy: Operation Babel,0.05m,PSV,16th May 17  ,Role-Playing
420, Phantasy Star Online 2 Episode 4: Deluxe Package,0.05m,PS4,20th Apr 17  ,Role-Playing
421, Demon Gaze 2,0.05m,PS4,14th Nov 17  ,Role-Playing
422, Metal Max Xeno,0.05m,PS4,25th Sep 18  ,Role-Playing
423, I am Setsuna,0.05m,NS,03rd Mar 17  ,Role-Playing
424, Atelier Shallie Plus: Alchemists of the Dusk Sea,0.05m,PSV,17th Jan 17  ,Role-Playing
425, Battle Chasers: Nightwar,0.05m,NS,15th May 18  ,Role-Playing
426, Pillars of Eternity,0.05m,XOne,29th Aug 17  ,Role-Playing
427, God Wars: Future Past,0.05m,PSV,20th Jun 17  ,Role-Playing
428, Beyblade Burst: God,0.04m,3DS,23rd Nov 17  ,Role-Playing
429, Lost Sphear,0.04m,NS,23rd Jan 18  ,Role-Playing
430, Megadimension Neptunia VIIR,0.04m,PS4,08th May 18  ,Role-Playing
431, Dragon's Dogma: Dark Arisen,0.04m,XOne,03rd Oct 17  ,Role-Playing
432, Valkyria Revolution,0.04m,XOne,27th Jun 17  ,Role-Playing
433, Syberia III,0.04m,PC,25th Apr 17  ,Role-Playing
434, Elex,0.04m,XOne,17th Oct 17  ,Role-Playing
435, Battle Chasers: Nightwar,0.04m,XOne,03rd Oct 17  ,Role-Playing
436, Shadows Awakening,0.04m,XOne,04th Sep 18  ,Role-Playing
437, The Caligula Effect: Overdose,0.04m,PS4,12th Mar 19  ,Role-Playing
438, Digimon Story: Cyber Sleuth - Hacker's Memory,0.04m,PSV,19th Jan 18  ,Role-Playing
439, Blue Reflection: Maboroshi ni Mau - Shoujo no Ken,0.04m,PSV,30th Mar 17  ,Role-Playing
440, Immortal Unchained,0.04m,PS4,07th Sep 18  ,Role-Playing
441, Valkyria Chronicles 4,0.04m,XOne,25th Sep 18  ,Role-Playing
442, Darkest Dungeon,0.04m,PS4,24th Apr 18  ,Role-Playing
443, Zanki Zero: Last Beginning,0.04m,PS4,09th Apr 19  ,Role-Playing
444, Secret of Mana,0.04m,PSV,15th Feb 18  ,Role-Playing
445, SaGa: Scarlet Grace,0.03m,PS4,03rd Dec 19  ,Role-Playing
446, South Park: The Stick of Truth,0.03m,PS4,13th Feb 18  ,Role-Playing
447, Immortal Unchained,0.03m,XOne,07th Sep 18  ,Role-Playing
448, Darkest Dungeon,0.03m,NS,24th Apr 18  ,Role-Playing
449, Utawarerumono: Chiriyukusha e no Komoriuta,0.03m,PS4,26th Apr 18  ,Role-Playing
450, World of Final Fantasy Maxima,0.03m,XOne,06th Nov 18  ,Role-Playing
451, Divinity: Original Sin II,0.03m,XOne,31st Aug 18  ,Role-Playing
452, Atelier Lydie & Suelle: The Alchemists and the Mysterious Paintings,0.03m,NS,27th Mar 18  ,Role-Playing
453, Medabots Classics: Metabee Ver. / Rokusho Ver.,0.03m,3DS,21st Dec 17  ,Role-Playing
454, Death end re;Quest,0.03m,PS4,01st Dec 19  ,Role-Playing
455, Shining Resonance Refrain,0.03m,XOne,10th Jul 18  ,Role-Playing
456, The Lost Child,0.03m,NS,19th Jun 18  ,Role-Playing
457, AereA,0.03m,PS4,28th Jul 17  ,Role-Playing
458, The Legend of Heroes: Sen no Kiseki: Kai -Thors Military Academy 1204-,0.03m,PS4,08th Mar 18  ,Role-Playing
459, Mary Skelter: Nightmares 2,0.03m,PS4,12th Jul 18  ,Role-Playing
460, Omega Labyrinth Z,0.02m,PS4,06th Jul 17  ,Role-Playing
461, Zanki Zero: Last Beginning,0.02m,PSV,05th Jul 18  ,Role-Playing
462, Lost Sphear,0.02m,PS4,23rd Jan 18  ,Role-Playing
463, Labyrinth of Refrain: Coven of Dusk,0.02m,NS,18th Sep 18  ,Role-Playing
464, Phantasy Star Online 2 Episode 4: Deluxe Package,0.02m,PSV,20th Apr 17  ,Role-Playing
466, The Legend of Heroes: Trails of Cold Steel II Kai - The Erebonian Civil War,0.02m,PS4,19th Mar 19  ,Role-Playing
467, SaGa: Scarlet Grace,0.02m,NS,03rd Dec 19  ,Role-Playing
468, South Park: The Stick of Truth,0.02m,XOne,13th Feb 18  ,Role-Playing
469, Undertale,0.02m,NS,18th Sep 18  ,Role-Playing
470, Crystar,0.02m,PS4,27th Aug 19  ,Role-Playing
471, Touhou Genso Wanderer Reloaded,0.02m,NS,17th Jul 18  ,Role-Playing
472, Valthirian Arc: Hero School Story,0.02m,PS4,28th Sep 18  ,Role-Playing
473, Portal Knights,0.02m,XOne,23rd May 17  ,Role-Playing
474, Beyblade Burst: Battle Zero,0.02m,NS,25th Oct 18  ,Role-Playing
475, Dragon Quest X: 5000-nen no Harukanaru Kokyou e Online,0.02m,PS4,16th Nov 17  ,Role-Playing
476, Genkai Tokki: Castle Panzers,0.02m,PS4,28th Sep 17  ,Role-Playing
477, Metal Max Xeno,0.02m,PSV,19th Apr 18  ,Role-Playing
478, Utawarerumono: Chiriyukusha e no Komoriuta,0.02m,PSV,26th Apr 18  ,Role-Playing
479, Dragon Star Varnir,0.02m,PS4,11th Jun 19  ,Role-Playing
480, Touhou Genso Wanderer Reloaded,0.02m,PS4,17th Jul 18  ,Role-Playing
481, Torment: Tides of NumenÃ©ra,0.02m,PC,28th Feb 17  ,Role-Playing
482, Fallen Legion: Rise to Glory,0.02m,NS,29th May 18  ,Role-Playing
483, Tokyo Clanpool,0.02m,PSV,05th Oct 17  ,Role-Playing
484, Banner Saga Trilogy,0.01m,NS,21st Sep 18  ,Role-Playing
485, Torment: Tides of Numenera,0.01m,PS4,28th Feb 17  ,Role-Playing
486, Little Witch Academia: Chamber of Time,0.01m,PS4,30th Nov 17  ,Role-Playing
487, God Wars: Nihon Shinwa Taisen,0.01m,PS4,14th Jun 18  ,Role-Playing
488, Super Neptunia RPG,0.01m,PS4,31st Mar 19  ,Role-Playing
489, Atelier: The Alchemist of Arland 1-2-3 DX,0.01m,PS4,20th Sep 18  ,Role-Playing
490, Dragon's Dogma Online: Season 3,0.01m,PS4,17th Aug 17  ,Role-Playing
491, Moonlighter,0.01m,PS4,09th Nov 18  ,Role-Playing
492, The Lost Child,0.01m,PSV,24th Aug 17  ,Role-Playing
493, The Princess Guide,0.01m,PS4,15th Mar 19  ,Role-Playing
494, Atelier Lydie & Suelle: The Alchemists and the Mysterious Paintings,0.01m,PSV,21st Dec 17  ,Role-Playing
495, Hyperdimension Neptunia Re;Birth1 Plus,0.01m,PS4,31st May 18  ,Role-Playing
496, Guild Wars 2 - Path of Fire,0.01m,PC,22nd Sep 17  ,Role-Playing
497, The Princess Guide,0.01m,NS,15th Mar 19  ,Role-Playing
498, Lapis x Labyrinth,0.01m,PS4,29th Nov 18  ,Role-Playing
499, Torment: Tides of Numenera,0.01m,XOne,28th Feb 17  ,Role-Playing
500, Lapis x Labyrinth,0.01m,NS,29th Nov 18  ,Role-Playing
501, Mario & Luigi: Bowser's Inside Story + Bowser Jr.'s Journey,0.01m,3DS,11th Jan 19  ,Role-Playing
502, WORKxWORK,0.01m,NS,04th Oct 18  ,Role-Playing
503, Atelier: The Alchemist of Arland 1-2-3 DX,0.01m,NS,20th Sep 18  ,Role-Playing
504, Yuuna and the Haunted Hot Springs: Steam Dungeon,0.01m,PS4,15th Nov 18  ,Role-Playing
505, God Wars: Nihon Shinwa Taisen,0.01m,PSV,14th Jun 18  ,Role-Playing
506, Undertale,0.01m,PS4,15th Aug 17  ,Role-Playing
507, Your Four Knight Princesses Training Story,0.01m,PSV,08th Mar 18  ,Role-Playing
508, Undertale,0.01m,PSV,15th Aug 17  ,Role-Playing
509, Gran Turismo Sport,3.77m,PS4,17th Oct 17  ,Racing
510, Need for Speed: Payback,2.18m,PS4,10th Nov 17  ,Racing
511, Forza Horizon 4,1.84m,XOne,02nd Oct 18  ,Racing
512, Forza Motorsport 7,1.52m,XOne,03rd Oct 17  ,Racing
513, The Crew 2,0.82m,PS4,29th Jun 18  ,Racing
514, F1 2016,0.78m,PS4,01st Jan 17  ,Racing
515, Need for Speed: Payback,0.73m,XOne,10th Nov 17  ,Racing
516, WipEout Omega Collection,0.72m,PS4,06th Jun 17  ,Racing
517, F1 2017,0.62m,PS4,25th Aug 17  ,Racing
518, Project CARS 2,0.55m,PS4,22nd Sep 17  ,Racing
519, F1 2018,0.53m,PS4,24th Aug 18  ,Racing
520, DiRT 4,0.49m,PS4,06th Jun 17  ,Racing
521, Nintendo Labo: Toy-Con 03 Vehicle Kit,0.41m,NS,14th Sep 18  ,Racing
522, Burnout Paradise Remastered,0.37m,PS4,16th Mar 18  ,Racing
523, The Crew 2,0.33m,XOne,29th Jun 18  ,Racing
524, Cars 3: Driven to Win,0.32m,NS,13th Jun 17  ,Racing
525, Cars 3: Driven to Win,0.29m,PS4,13th Jun 17  ,Racing
526, DiRT 4,0.23m,XOne,06th Jun 17  ,Racing
527, Micro Machines: World Series,0.22m,PS4,30th Jun 17  ,Racing
528, Project CARS 2,0.20m,XOne,22nd Sep 17  ,Racing
529, F1 2017,0.19m,XOne,25th Aug 17  ,Racing
530, MXGP 3: The Official Motocross Videogame,0.17m,PS4,20th Jun 17  ,Racing
531, TT Isle of Man: Ride on the Edge,0.17m,PS4,06th Mar 18  ,Racing
532, F1 2018,0.17m,XOne,24th Aug 18  ,Racing
533, Ride 2,0.16m,PS4,14th Feb 17  ,Racing
534, Gear.Club Unlimited,0.15m,NS,21st Nov 17  ,Racing
535, MotoGP 17,0.14m,PS4,11th Jul 17  ,Racing
536, Nickelodeon Kart Racers,0.13m,NS,23rd Oct 18  ,Racing
537, NASCAR Heat 2,0.13m,PS4,12th Sep 17  ,Racing
538, NASCAR Heat 3,0.13m,PS4,07th Sep 18  ,Racing
539, MX vs ATV All Out,0.12m,PS4,27th Mar 18  ,Racing
540, NASCAR Heat 2,0.12m,XOne,12th Sep 17  ,Racing
541, Monster Energy Supercross - The Official Videogame,0.11m,PS4,13th Feb 18  ,Racing
542, Burnout Paradise Remastered,0.11m,XOne,16th Mar 18  ,Racing
543, Ridge Racer 2,0.10m,PSP,31st Dec 20  ,Racing
544, NASCAR Heat 3,0.10m,XOne,07th Sep 18  ,Racing
545, Nickelodeon Kart Racers,0.09m,XOne,23rd Oct 18  ,Racing
546, ATV Drift & Tricks,0.09m,PS4,07th Nov 17  ,Racing
547, Nickelodeon Kart Racers,0.09m,PS4,23rd Oct 18  ,Racing
548, MXGP 3: The Official Motocross Videogame,0.09m,XOne,20th Jun 17  ,Racing
549, MXGP 3: The Official Motocross Videogame,0.08m,NS,17th Nov 17  ,Racing
550, Monster Energy Supercross - The Official Videogame,0.08m,XOne,13th Feb 18  ,Racing
551, TT Isle of Man: Ride on the Edge,0.08m,XOne,06th Mar 18  ,Racing
552, Ride 2,0.08m,XOne,14th Feb 17  ,Racing
553, Spintires: MudRunner - American Wilds,0.08m,PS4,23rd Oct 18  ,Racing
554, Micro Machines: World Series,0.08m,XOne,30th Jun 17  ,Racing
555, Gravel,0.08m,PS4,27th Feb 18  ,Racing
556, MX vs ATV All Out,0.08m,XOne,27th Mar 18  ,Racing
557, Monster Jam: Crush It,0.08m,NS,31st Oct 17  ,Racing
558, WRC 6,0.08m,PS4,03rd Mar 17  ,Racing
559, Ride 3,0.07m,PS4,30th Nov 18  ,Racing
560, WRC 7,0.07m,PS4,03rd Oct 17  ,Racing
561, Spintires: MudRunner - American Wilds,0.07m,XOne,23rd Oct 18  ,Racing
562, MotoGP 17,0.06m,XOne,11th Jul 17  ,Racing
563, MX vs ATV Supercross Encore 2017 Track Edition,0.06m,XOne,04th Jan 17  ,Racing
564, MX vs ATV Supercross Encore 2017 Track Edition,0.06m,PS4,04th Jan 17  ,Racing
565, Spintires: MudRunner - American Wilds,0.06m,NS,23rd Oct 18  ,Racing
566, Baja: Edge of Control HD,0.05m,XOne,14th Sep 17  ,Racing
567, MXGP Pro,0.05m,PS4,10th Jul 18  ,Racing
568, Cars 3: Driven to Win,0.05m,XOne,13th Jun 17  ,Racing
569, Dakar 18,0.05m,PS4,25th Sep 18  ,Racing
570, Monster Jam: Crush It,0.05m,PS4,17th Jan 17  ,Racing
571, WRC 7,0.05m,XOne,03rd Oct 17  ,Racing
572, Gravel,0.05m,XOne,27th Feb 18  ,Racing
573, Onrush,0.05m,PS4,05th Jun 18  ,Racing
574, Road Rage,0.04m,XOne,14th Nov 17  ,Racing
575, Monster Jam: Crush It,0.04m,XOne,17th Jan 17  ,Racing
576, VR Karts,0.04m,PS4,28th Nov 17  ,Racing
577, Snow Moto Racing Freedom,0.03m,NS,27th Mar 18  ,Racing
578, WRC 6,0.03m,XOne,03rd Mar 17  ,Racing
579, Monster Energy Supercross - The Official Videogame,0.03m,NS,13th Feb 18  ,Racing
580, Onrush,0.03m,XOne,05th Jun 18  ,Racing
581, Aqua Moto Racing Utopia,0.03m,NS,27th Mar 18  ,Racing
582, Ride 3,0.03m,XOne,30th Nov 18  ,Racing
583, MXGP Pro,0.03m,XOne,10th Jul 18  ,Racing
584, All-Star Fruit Racing,0.03m,PS4,21st Aug 18  ,Racing
585, Road Rage,0.03m,PS4,14th Nov 17  ,Racing
586, Baja: Edge of Control HD,0.03m,PS4,14th Sep 17  ,Racing
587, Cars 3: Driven to Win,0.02m,WiiU,13th Jun 17  ,Racing
588, F1 2017,0.02m,PC,25th Aug 17  ,Racing
589, Redout,0.02m,PS4,29th Aug 17  ,Racing
590, Trailblazers,0.02m,PS4,08th May 18  ,Racing
591, Moto Racer 4,0.02m,XOne,24th Jan 17  ,Racing
592, ATV Drift & Tricks,0.02m,XOne,20th Nov 18  ,Racing
593, Need for Speed: Payback,0.02m,PC,10th Nov 17  ,Racing
594, Cars 3: Driven to Win,0.02m,X360,13th Jun 17  ,Racing
595, Gear Club Unlimited 2,0.02m,NS,04th Dec 18  ,Racing
596, Redout,0.02m,XOne,29th Aug 17  ,Racing
597, FlatOut 4: Total Insanity,0.02m,PS4,05th May 17  ,Racing
598, GRIP: Combat Racing,0.02m,NS,06th Nov 18  ,Racing
599, Dakar 18,0.02m,XOne,25th Sep 18  ,Racing
600, GRIP: Combat Racing,0.01m,PS4,06th Nov 18  ,Racing
601, Moto Racer 4,0.01m,NS,20th Nov 18  ,Racing
602, FlatOut 4: Total Insanity,0.01m,XOne,05th May 17  ,Racing
603, Turbo Trainz,0.01m,Wii,31st Dec 20  ,Racing
604, DiRT 4,0.01m,PC,06th Jun 17  ,Racing
605, All-Star Fruit Racing,0.01m,NS,21st Aug 18  ,Racing
606, Cars 3: Driven to Win,0.01m,PS3,13th Jun 17  ,Racing
607, F1 2018,0.01m,PC,24th Aug 18  ,Racing
608, ATV Renegades,0.01m,PS4,18th Apr 17  ,Racing
609, Trailblazers,0.01m,NS,15th Apr 18  ,Racing
610, V-Rally 4,0.01m,PS4,11th Sep 18  ,Racing
611, Moto Racer 4,0.01m,PS4,24th Jan 17  ,Racing
612, V-Rally 4,0.01m,XOne,11th Sep 18  ,Racing
613, ATV Drift & Tricks,0.01m,NS,22nd Nov 18  ,Racing
614, ATV Renegades,0.01m,XOne,18th Apr 17  ,Racing
615, Micro Machines: World Series,0.00m,PC,30th Jun 17  ,Racing
616, Crazy Taxi 3,0.00m,PC,31st Dec 20  ,Racing
617, MotoGP 18,0.00m,PC,31st Mar 18  ,Racing
618, Super Bomberman R,0.87m,NS,03rd Mar 17  ,Puzzle
619, Layton's Mystery Journey: Katrielle and the Millionaire's Conspiracy,0.55m,3DS,06th Oct 17  ,Puzzle
620, Tetris Effect,0.25m,PS4,09th Nov 18  ,Puzzle
621, Captain Toad: Treasure Tracker,0.19m,3DS,13th Jul 18  ,Puzzle
622, Bendy and the Ink Machine,0.18m,PS4,20th Nov 18  ,Puzzle
623, Bendy and the Ink Machine,0.17m,NS,20th Nov 18  ,Puzzle
624, Hamster Heroes,0.16m,Wii,31st Dec 20  ,Puzzle
625, Bendy and the Ink Machine,0.16m,XOne,20th Nov 18  ,Puzzle
626," Snipperclips Plus: Cut It Out, Together!",0.12m,NS,03rd Mar 17  ,Puzzle
627," Sumikko Gurashi: Koko, Dokonan Desu?",0.12m,3DS,20th Jul 17  ,Puzzle
628, Puyo Puyo Tetris,0.10m,PS4,25th Apr 17  ,Puzzle
629, Sushi Striker: The Way of Sushido,0.07m,NS,08th Jun 18  ,Puzzle
630, Super Bomberman R,0.06m,PS4,12th Jun 18  ,Puzzle
631, Sushi Striker: The Way of Sushido,0.04m,3DS,08th Jun 18  ,Puzzle
632, Layton's Mystery Journey: Katrielle and The Millionaires' Conspiracy DX,0.03m,NS,08th Nov 19  ,Puzzle
634, Super Bomberman R,0.03m,XOne,12th Jun 18  ,Puzzle
635," Soldam: Drop, Connect, Erase",0.02m,NS,10th Oct 17  ,Puzzle
636, Bridge Constructor Portal,0.02m,XOne,28th Aug 18  ,Puzzle
637, Tricky Towers,0.02m,PS4,17th Nov 17  ,Puzzle
638, The Inner World: The Last Wind Monk,0.02m,PS4,24th Oct 17  ,Puzzle
639, Lumo,0.02m,NS,21st Nov 17  ,Puzzle
640, BoxBoy! Hakobume Box,0.02m,3DS,02nd Feb 17  ,Puzzle
641, Gotouchi Tetsudou for Nintendo Switch!!,0.02m,NS,22nd Feb 18  ,Puzzle
642, The Inner World: The Last Wind Monk,0.02m,XOne,24th Oct 17  ,Puzzle
643, 12-Sai. Torokeru Puzzle Futari no Harmony,0.01m,3DS,26th Oct 17  ,Puzzle
644, The Mahjong,0.00m,NS,23rd Jun 18  ,Puzzle
646, Crash Bandicoot N. Sane Trilogy,4.83m,PS4,30th Jun 17  ,Platform
647, Spyro Reignited Trilogy,2.17m,PS4,13th Nov 18  ,Platform
648, Crash Bandicoot N. Sane Trilogy,1.11m,NS,29th Jun 18  ,Platform
649, LEGO City Undercover,0.75m,PS4,04th Apr 17  ,Platform
650, Sonic Forces,0.74m,NS,07th Nov 17  ,Platform
651, Astro Bot Rescue Mission,0.71m,PS4,02nd Oct 18  ,Platform
652, Rayman Legends,0.69m,NS,12th Sep 17  ,Platform
653, Spyro Reignited Trilogy,0.65m,XOne,13th Nov 18  ,Platform
654, Crash Bandicoot N. Sane Trilogy,0.65m,XOne,29th Jun 18  ,Platform
655, LEGO City Undercover,0.65m,NS,04th Apr 17  ,Platform
656, Sonic Forces,0.56m,PS4,07th Nov 17  ,Platform
657, Poochy & Yoshi's Woolly World,0.55m,3DS,03rd Feb 17  ,Platform
658, Knack 2,0.47m,PS4,05th Sep 17  ,Platform
659, Sonic Mania,0.47m,NS,15th Aug 17  ,Platform
660, Hey! Pikmin,0.44m,3DS,28th Jul 17  ,Platform
661, Little Nightmares,0.39m,PS4,28th Apr 17  ,Platform
662, Mega Man 11,0.36m,NS,02nd Oct 18  ,Platform
663, Sonic Mania,0.31m,PS4,15th Aug 17  ,Platform
664, LEGO City Undercover,0.30m,XOne,04th Apr 17  ,Platform
665, Yooka-Laylee,0.29m,PS4,01st Jan 18  ,Platform
666, Sonic Forces,0.29m,XOne,07th Nov 17  ,Platform
667, Mega Man Legacy Collection 1+2,0.25m,NS,22nd May 18  ,Platform
668, Skylanders Imaginators,0.23m,NS,03rd Mar 17  ,Platform
669, Super Lucky's Tale,0.22m,XOne,07th Nov 17  ,Platform
670, Mega Man 11,0.17m,PS4,02nd Oct 18  ,Platform
671, Little Nightmares,0.16m,XOne,28th Apr 17  ,Platform
672, Cave Story+,0.15m,NS,20th Jun 17  ,Platform
673, Mega Man X Legacy Collection 1+2,0.14m,PS4,24th Jul 18  ,Platform
674, Paw Patrol on a Roll,0.13m,NS,23rd Oct 18  ,Platform
675, Sonic Mania,0.13m,XOne,15th Aug 17  ,Platform
676, Shantae: Half-Genie Hero,0.12m,NS,08th May 18  ,Platform
677, Yooka-Laylee,0.10m,XOne,11th Apr 17  ,Platform
678, Poi,0.07m,NS,01st Feb 17  ,Platform
679, Paw Patrol on a Roll,0.07m,PS4,23rd Oct 18  ,Platform
680, Scribblenauts: Showdown,0.07m,NS,06th Mar 18  ,Platform
681, Mega Man 11,0.06m,XOne,02nd Oct 18  ,Platform
682, The End is Nigh,0.06m,NS,12th Dec 17  ,Platform
683, Owlboy,0.05m,NS,29th May 18  ,Platform
684, Little Nightmares,0.05m,NS,18th May 18  ,Platform
685, Bubsy: The Woolies Strike Back,0.05m,PS4,31st Oct 17  ,Platform
686, Scribblenauts: Showdown,0.05m,PS4,06th Mar 18  ,Platform
687, Toki Collector's Edition,0.05m,NS,22nd Nov 18  ,Platform
688, Wonder Boy: The Dragon's Trap (Remake),0.05m,NS,18th Apr 17  ,Platform
689, Owlboy,0.05m,PS4,29th May 18  ,Platform
690, Paw Patrol on a Roll,0.04m,XOne,23rd Oct 18  ,Platform
691, INSIDE / LIMBO Double Pack,0.04m,PS4,12th Sep 17  ,Platform
692, Mega Man X Legacy Collection 1+2,0.04m,XOne,24th Jul 18  ,Platform
693, Wonder Boy: The Dragon's Trap (Remake),0.04m,PS4,18th Apr 17  ,Platform
694, Scribblenauts: Showdown,0.04m,XOne,06th Mar 18  ,Platform
695, Salt and Sanctuary,0.03m,NS,11th Dec 18  ,Platform
696, Flashback,0.03m,NS,20th Nov 18  ,Platform
697, de Blob 2,0.03m,NS,28th Aug 18  ,Platform
698, Mega Man X Legacy Collection 1+2,0.03m,NS,24th Jul 18  ,Platform
699, INSIDE / LIMBO Double Pack,0.03m,XOne,12th Sep 17  ,Platform
700, Monster Boy and the Cursed Kingdom,0.03m,PS4,06th Nov 18  ,Platform
701, Rad Rodgers,0.02m,PS4,21st Feb 18  ,Platform
702, Flipping Death,0.02m,PS4,16th Oct 18  ,Platform
703, The Liar Princess and the Blind Prince,0.02m,PS4,30th Mar 19  ,Platform
704, The Liar Princess and the Blind Prince,0.02m,NS,30th Mar 19  ,Platform
705, Runner3,0.02m,NS,22nd May 18  ,Platform
706, SteamWorld Dig 2,0.02m,PS4,19th Jun 18  ,Platform
707, Rad Rodgers,0.02m,XOne,21st Feb 18  ,Platform
708, Runbow,0.02m,3DS,20th Jun 17  ,Platform
709, Mega Man X Legacy Collection 1,0.01m,PS4,26th Jul 18  ,Platform
710, Mega Man X Legacy Collection 1,0.01m,NS,26th Jul 18  ,Platform
711, Flashback,0.01m,PS4,20th Nov 18  ,Platform
712, Candle: The Power of the Flame,0.01m,NS,16th Oct 18  ,Platform
713, Mega Man X Legacy Collection 2,0.01m,NS,26th Jul 18  ,Platform
714, LocoRoco Remastered,0.01m,PS4,09th May 17  ,Platform
715, SteamWorld Dig 2,0.01m,NS,19th Jun 18  ,Platform
716, Giana Sisters: Twisted Dreams,0.01m,NS,25th Sep 18  ,Platform
717, The Liar Princess and the Blind Prince ,0.01m,PSV,31st May 18  ,Platform
718, Super Putty Squad,0.01m,NS,09th Nov 17  ,Platform
719, Mega Man X Legacy Collection 2,0.01m,PS4,26th Jul 18  ,Platform
720, Crash Bandicoot N. Sane Trilogy,0.00m,PC,29th Jun 18  ,Platform
721, Just Dance 2019,0.76m,NS,23rd Oct 18  ,Music
722, Just Dance 2018,0.76m,NS,24th Oct 17  ,Music
723, Just Dance 2018,0.39m,Wii,24th Oct 17  ,Music
724, Just Dance 2018,0.30m,PS4,24th Oct 17  ,Music
725, Just Dance 2017,0.29m,NS,03rd Mar 17  ,Music
726, Just Dance 2019,0.24m,Wii,23rd Oct 18  ,Music
727, SingStar Celebration,0.23m,PS4,24th Oct 17  ,Music
728, Just Dance 2018,0.21m,XOne,24th Oct 17  ,Music
729, Just Dance 2019,0.17m,PS4,23rd Oct 18  ,Music
730, Just Dance 2018,0.17m,WiiU,24th Oct 17  ,Music
731, Just Dance 2019,0.15m,XOne,23rd Oct 18  ,Music
732, Persona Dancing: Endless Night Collection,0.13m,PS4,04th Dec 18  ,Music
733, Just Dance 2019,0.10m,WiiU,23rd Oct 18  ,Music
734, Just Dance 2018,0.10m,X360,24th Oct 17  ,Music
735, Taiko no Tatsujin: Drum Session!,0.09m,PS4,26th Oct 17  ,Music
736, Just Dance 2019,0.07m,X360,23rd Oct 18  ,Music
737, Just Dance 2018,0.07m,PS3,24th Oct 17  ,Music
738, Persona 5: Dancing in Starlight,0.06m,PS4,04th Dec 18  ,Music
739, Persona 3: Dancing in Moonlight,0.04m,PS4,04th Dec 18  ,Music
740, Let's Sing 2019,0.03m,NS,26th Oct 18  ,Music
741, SUPERBEAT: XONiC,0.03m,NS,21st Nov 17  ,Music
742, IDOLiSH7 Twelve Fantasia!,0.03m,PSV,15th Feb 18  ,Music
743, Let's Sing 2019,0.03m,PS4,26th Oct 18  ,Music
744, Let's Sing 2018,0.03m,NS,24th Nov 17  ,Music
745, SUPERBEAT: XONiC,0.02m,PS4,06th Jun 17  ,Music
746, PaRappa the Rapper Remastered,0.02m,PS4,04th Apr 17  ,Music
747, Patapon Remastered,0.02m,PS4,01st Aug 17  ,Music
748, Persona 5: Dancing in Starlight,0.02m,PSV,04th Dec 18  ,Music
749, Gal Metal!,0.02m,NS,30th Oct 18  ,Music
750, Persona Dancing: Deluxe Twin Plus,0.02m,PSV,24th May 18  ,Music
751, Musynx,0.01m,NS,19th Jun 18  ,Music
752, Let's Sing 2019,0.01m,Wii,26th Oct 18  ,Music
753, Persona 3: Dancing in Moonlight,0.01m,PSV,04th Dec 18  ,Music
754, Deemo: The Last Recital,0.00m,NS,29th Jan 19  ,Music
755, The Elder Scrolls Online: Morrowind,0.24m,PS4,06th Jun 17  ,MMO
756, Final Fantasy XIV: Stormblood,0.17m,PS4,20th Jun 17  ,MMO
757, The Elder Scrolls Online: Morrowind,0.14m,XOne,06th Jun 17  ,MMO
758, The Elder Scrolls Online: Summerset,0.11m,XOne,21st May 18  ,MMO
759, The Elder Scrolls Online: Summerset,0.10m,PS4,21st May 18  ,MMO
760, Final Fantasy XIV Online Complete Edition,0.10m,PS4,20th Jun 17  ,MMO
761, Final Fantasy XIV: Stormblood,0.06m,PC,20th Jun 17  ,MMO
762, The Elder Scrolls Online: Morrowind,0.05m,PC,06th Jun 17  ,MMO
763, Dragon Quest X: All in One Package,0.04m,NS,21st Sep 17  ,MMO
764, Dragon Quest X: 5000-nen no Harukanaru Kokyou e Online,0.03m,WiiU,16th Nov 17  ,MMO
765, Dragon Quest X: All in One Package Ver.1-4,0.03m,NS,26th Jul 18  ,MMO
766, Dragon Quest X: 5000-nen no Harukanaru Kokyou e Online,0.03m,NS,16th Nov 17  ,MMO
767, Dragon Quest X: All in One Package Ver.1-4,0.01m,PS4,26th Jul 18  ,MMO
768, The Elder Scrolls Online: Summerset,0.01m,PC,21st May 18  ,MMO
769, Final Fantasy XIV Online Complete Edition,0.01m,PC,20th Jun 17  ,MMO
770, LEGO Worlds,1.14m,PS4,07th Mar 17  ,Misc
771, LEGO Worlds,0.69m,XOne,07th Mar 17  ,Misc
772, LEGO Worlds,0.58m,NS,05th Sep 17  ,Misc
773, Minecraft,0.37m,3DS,10th Nov 17  ,Misc
774, Go Vacation,0.37m,NS,27th Jul 18  ,Misc
775, Sega Genesis Classics,0.35m,PS4,29th May 18  ,Misc
776, WarioWare Gold,0.28m,3DS,03rd Aug 18  ,Misc
777, Dragon Ball Heroes: Ultimate Mission X,0.24m,3DS,27th Apr 17  ,Misc
778, Sega Genesis Classics,0.18m,NS,07th Dec 18  ,Misc
779, Disgaea 4: A Promise Unforgotten,0.16m,PSV,31st Dec 20  ,Misc
780, Wasteland 2,0.13m,PC,31st Dec 20  ,Misc
781, America's Greatest Game Shows: Wheel of Fortune & Jeopardy!,0.12m,PS4,07th Nov 17  ,Misc
782, Party Planet,0.12m,NS,12th Dec 17  ,Misc
783, Namco Museum Arcade Pac,0.11m,NS,28th Sep 18  ,Misc
784, Sumikko Gurashi: Sumikko Park e Youkoso,0.10m,NS,07th Dec 17  ,Misc
785, Sega Genesis Classics,0.10m,XOne,29th May 18  ,Misc
786, America's Greatest Game Shows: Wheel of Fortune & Jeopardy!,0.08m,XOne,07th Nov 17  ,Misc
787, Fortune Street: Dragon Quest & Final Fantasy 30th Anniversary,0.07m,PS4,19th Oct 17  ,Misc
788, Birthdays the Beginning,0.06m,PS4,09th May 17  ,Misc
789, Stern Pinball Arcade,0.06m,NS,12th Dec 17  ,Misc
790, Atari Flashback Classics: Volume 3,0.06m,PS4,28th Sep 18  ,Misc
791, Hatsune Miku: Project Diva Future Tone DX,0.05m,PS4,22nd Nov 17  ,Misc
792, Mahjong 3D: Warriors of the Emperor,0.05m,3DS,31st Dec 20  ,Misc
793, Atari Flashback Classics: Volume 3,0.05m,XOne,28th Sep 18  ,Misc
794, Idol Time PriPara: Yume All-Star Live!,0.04m,3DS,26th Oct 17  ,Misc
795, Atari Flashback Classics: Volume 1,0.04m,NS,13th Dec 18  ,Misc
796, Death Mark,0.03m,PS4,31st Oct 18  ,Misc
797, Fortune Street: Dragon Quest & Final Fantasy 30th Anniversary,0.03m,PSV,19th Oct 17  ,Misc
798, Sumikko Gurashi Atsumare Sumikko Town,0.03m,NS,04th Oct 18  ,Misc
799, THE iDOLM@STER: Stella Stage,0.03m,PS4,21st Dec 17  ,Misc
800, Romance of the Three Kingdoms 13 with Power-Up Kit,0.03m,PS4,16th Feb 17  ,Misc
801, Penny-Punching Princess,0.03m,NS,03rd Apr 18  ,Misc
802, Winning Post 8 2017,0.03m,PS4,02nd Mar 17  ,Misc
803, SNK 40th Anniversary Collection,0.03m,NS,13th Nov 18  ,Misc
804, Manga-ka Debut Monogatari: Suteki na Manga o Egakou,0.02m,3DS,16th Mar 17  ,Misc
805, Hello Kitty Kruisers,0.02m,NS,15th May 18  ,Misc
806, Winning Post 8 2017,0.02m,PSV,02nd Mar 17  ,Misc
807, Romance of the Three Kingdoms 13 with Power-Up Kit,0.02m,PSV,25th May 17  ,Misc
808, Senran Kagura: Peach and Reflexions Limited Double Pack,0.02m,NS,13th Dec 18  ,Misc
809, Tamagotchi no Puchi Puchi Omisechi: Ninki no Omise Atsume Maseta,0.01m,3DS,16th Nov 17  ,Misc
810, DJ Max Respect,0.01m,PS4,09th Sep 17  ,Misc
811, Wordhunters,0.01m,PS4,04th Dec 18  ,Misc
812, La Corda d'Oro 2ff,0.01m,PSV,21st Dec 17  ,Misc
813, Winning Post 8 2017,0.01m,PS3,02nd Mar 17  ,Misc
814, Peach Ball: Senran Kagura,0.01m,NS,13th Dec 18  ,Misc
815, Romance of the Three Kingdoms 13 with Power-Up Kit,0.01m,PS3,16th Feb 17  ,Misc
816, Kouekizaidan Houjin Nihon Kanji Nouryoku Kentei Kyoukai: Kanken Training 2,0.01m,3DS,20th Jul 17  ,Misc
817, Cube Creator X,0.01m,NS,26th Apr 18  ,Misc
818, Neo Angelique: Tenshi no Namida,0.01m,PSV,07th Dec 17  ,Misc
819, Moe Moe 2-ji Daisenryaku 3,0.01m,PSV,16th Feb 17  ,Misc
820, RPG Maker MV,0.01m,NS,01st Mar 19  ,Misc
821,  Miracle Tunes! Game de Tune Up! Tabun!,0.01m,3DS,09th Nov 17  ,Misc
822, Kunio-kun: The World Classics Collection,0.01m,NS,20th Dec 18  ,Misc
823, Closed Nightmare,0.01m,PS4,19th Jul 18  ,Misc
824, Kunio-kun: The World Classics Collection,0.01m,PS4,20th Dec 18  ,Misc
825, Happy Birthdays,0.01m,NS,05th Jun 18  ,Misc
826, RPG Maker MV,0.01m,PS4,01st Mar 19  ,Misc
827, Winning Post 8 2017,0.00m,NS,14th Sep 17  ,Misc
828, Musiic Party: Rock the House,0.00m,Wii,31st Dec 20  ,Misc
829, Closed Nightmare,0.00m,NS,19th Jul 18  ,Misc
831, WorldNeverland: Elnea Kingdom,0.00m,NS,15th Mar 18  ,Misc
832, Injustice 2,1.72m,PS4,16th May 17  ,Fighting
833, WWE 2K19,0.98m,PS4,09th Oct 18  ,Fighting
834, Injustice 2,0.89m,XOne,16th May 17  ,Fighting
835, SoulCalibur VI,0.71m,PS4,19th Oct 18  ,Fighting
836, Marvel vs. Capcom: Infinite,0.70m,PS4,19th Sep 17  ,Fighting
837, Tekken 7,0.58m,XOne,02nd Jun 17  ,Fighting
838, Ultra Street Fighter II: The Final Challengers,0.57m,NS,26th May 17  ,Fighting
839, Dragon Ball FighterZ,0.52m,XOne,26th Jan 18  ,Fighting
840, WWE 2K19,0.48m,XOne,09th Oct 18  ,Fighting
841, Dissidia Final Fantasy NT,0.46m,PS4,30th Jan 18  ,Fighting
842, Dragon Ball FighterZ,0.44m,NS,28th Sep 18  ,Fighting
843, Marvel vs. Capcom: Infinite,0.34m,XOne,19th Sep 17  ,Fighting
844, Kirby: Battle Royale,0.33m,3DS,19th Jan 18  ,Fighting
845, My Hero One's Justice,0.30m,PS4,26th Oct 18  ,Fighting
846, SoulCalibur VI,0.30m,XOne,19th Oct 18  ,Fighting
847, Ultimate Marvel vs. Capcom 3,0.26m,PS4,07th Mar 17  ,Fighting
848, My Hero One's Justice,0.26m,NS,26th Oct 18  ,Fighting
849, Street Fighter 30th Anniversary Collection,0.24m,PS4,29th May 18  ,Fighting
850, Street Fighter 30th Anniversary Collection,0.19m,NS,29th May 18  ,Fighting
851, Naruto Shippuden: Ultimate Ninja Storm Legacy,0.16m,PS4,25th Aug 17  ,Fighting
852, Naruto Shippuden: Ultimate Ninja Storm Legacy,0.14m,XOne,25th Aug 17  ,Fighting
853, Ultimate Marvel vs. Capcom 3,0.14m,XOne,07th Mar 17  ,Fighting
854, My Hero One's Justice,0.14m,XOne,26th Oct 18  ,Fighting
855, Fire Pro Wrestling World,0.12m,PS4,28th Aug 18  ,Fighting
856, Naruto Shippuden Ultimate Ninja Storm 4: Road to Boruto,0.12m,XOne,03rd Feb 17  ,Fighting
857, The Seven Deadly Sins: Knights of Britannia,0.10m,PS4,09th Feb 18  ,Fighting
858, Guilty Gear Xrd REV 2,0.10m,PS4,26th May 17  ,Fighting
859, BlazBlue: Cross Tag Battle,0.08m,PS4,05th Jun 18  ,Fighting
860, Street Fighter 30th Anniversary Collection,0.07m,XOne,29th May 18  ,Fighting
861, BlazBlue: Cross Tag Battle,0.07m,NS,05th Jun 18  ,Fighting
862, SNK Heroines Tag Team Frenzy,0.05m,NS,07th Sep 18  ,Fighting
863, Under Night In-Birth Exe:Latest,0.04m,PS4,09th Feb 18  ,Fighting
864, Blade Strangers,0.04m,NS,28th Aug 18  ,Fighting
865, Omen of Sorrow,0.04m,PS4,16th Nov 18  ,Fighting
866, Naruto Shippuden: Ultimate Ninja Storm Trilogy,0.03m,NS,26th Apr 18  ,Fighting
867, Kamen Rider: Climax Fighters,0.03m,PS4,07th Dec 17  ,Fighting
868, Kamen Rider: Climax Scramble Zi-O,0.03m,NS,29th Nov 18  ,Fighting
869, Naruto Shippuden Ultimate Ninja Storm 4: Road to Boruto,0.03m,PS4,03rd Feb 17  ,Fighting
870, Blade Strangers,0.02m,PS4,28th Aug 18  ,Fighting
871, Full Metal Panic! Fight: Who Dares Wins,0.02m,PS4,31st May 18  ,Fighting
872, SNK Heroines Tag Team Frenzy,0.02m,PS4,07th Sep 18  ,Fighting
873, Tekken 7,0.01m,PC,02nd Jun 17  ,Fighting
874, Capcom Beat 'Em Up Bundle,0.01m,PS4,18th Sep 18  ,Fighting
875, Capcom Beat 'Em Up Bundle,0.01m,NS,18th Sep 18  ,Fighting
876, Million Arthur: Arcana Blood,0.01m,PS4,29th Nov 18  ,Fighting
877, Marvel vs. Capcom: Infinite,0.00m,PC,19th Sep 17  ,Fighting
878, Street Fighter 30th Anniversary Collection,0.00m,PC,29th May 18  ,Fighting
879, Monopoly for Nintendo Switch,0.30m,NS,31st Oct 17  ,Board Game
880, Billion Road,0.01m,NS,29th Nov 18  ,Board Game
881, Yakuza Zero,0.65m,PS4,24th Jan 17  ,Adventure
882, L.A. Noire,0.60m,PS4,14th Nov 17  ,Adventure
883, Hidden Agenda,0.59m,PS4,24th Oct 17  ,Adventure
884, Luigi's Mansion,0.47m,3DS,12th Oct 18  ,Adventure
885, Detective Pikachu,0.47m,3DS,23rd Mar 18  ,Adventure
886, Minecraft: Story Mode - The Complete Adventure,0.46m,NS,22nd Aug 17  ,Adventure
887, L.A. Noire,0.45m,NS,14th Nov 17  ,Adventure
888, Yakuza Kiwami,0.45m,PS4,29th Aug 17  ,Adventure
889, Minecraft: Story Mode - Season Two,0.27m,XOne,19th Sep 17  ,Adventure
890, L.A. Noire,0.25m,XOne,14th Nov 17  ,Adventure
891, Danganronpa V3: Killing Harmony,0.25m,PS4,26th Sep 17  ,Adventure
892, Life Is Strange: Before the Storm,0.22m,PS4,06th Mar 18  ,Adventure
893, Danganronpa V3: Killing Harmony,0.18m,PSV,26th Sep 17  ,Adventure
894, The Walking Dead - The Telltale Series: A New Frontier,0.17m,PS4,28th Feb 17  ,Adventure
895, Rush: A Disney Pixar Adventure,0.17m,XOne,31st Oct 17  ,Adventure
896, RiME,0.15m,NS,21st Nov 17  ,Adventure
897, Dragon Quest Builders 2,0.15m,PS4,12th Jul 19  ,Adventure
898, Dragon Quest Builders 2,0.14m,NS,12th Jul 19  ,Adventure
899, Goosebumps: The Game,0.13m,NS,09th Oct 18  ,Adventure
900, Utawarerumono: Mask of Deception,0.13m,PS4,23rd May 17  ,Adventure
901, Batman: A Telltale Game Series,0.12m,NS,14th Nov 17  ,Adventure
902, The Walking Dead - The Telltale Series: A New Frontier,0.12m,XOne,28th Feb 17  ,Adventure
903, The Great Ace Attorney 2 - The Resolve of Ryuunosuke Naruhodou,0.12m,3DS,03rd Aug 17  ,Adventure
904, Danganronpa 1-2 Reload,0.12m,PS4,14th Mar 17  ,Adventure
905, Subnautica,0.12m,PS4,04th Dec 18  ,Adventure
906, Marvel's Guardians of the Galaxy: The Telltale Series,0.12m,PS4,02nd May 17  ,Adventure
907, Minecraft: Story Mode - Season Two,0.11m,PS4,19th Sep 17  ,Adventure
908, Utawarerumono: Mask of Deception,0.11m,PSV,23rd May 17  ,Adventure
909, The Invisible Hours,0.11m,PS4,10th Oct 17  ,Adventure
910, RiME,0.11m,PS4,26th May 17  ,Adventure
911, Déraciné,0.10m,PS4,06th Nov 18  ,Adventure
912, Life Is Strange: Before the Storm,0.09m,XOne,06th Mar 18  ,Adventure
913, The Sexy Brutale,0.08m,PS4,29th Aug 17  ,Adventure
914, Minecraft: Story Mode - Season Two,0.08m,X360,03rd Oct 17  ,Adventure
915, The Walking Dead: A Telltale Series Collection,0.07m,PS4,05th Dec 17  ,Adventure
916, Subnautica,0.07m,XOne,04th Dec 18  ,Adventure
917, Broken Sword 5: The Serpent's Curse,0.07m,PS4,26th Apr 19  ,Adventure
918, Hello Neighbor: Hide & Seek,0.07m,NS,07th Dec 18  ,Adventure
919, Home Sweet Home (2017),0.07m,PS4,16th Oct 18  ,Adventure
920, Batman: The Enemy Within,0.07m,PS4,03rd Oct 17  ,Adventure
921, Hello Neighbor: Hide & Seek,0.07m,PS4,07th Dec 18  ,Adventure
922, Hello Neighbor: Hide & Seek,0.07m,XOne,07th Dec 18  ,Adventure
923, Outcast: Second Contact,0.06m,PS4,14th Nov 17  ,Adventure
924, The Invisible Hours,0.05m,XOne,24th Apr 18  ,Adventure
925, Marvel's Guardians of the Galaxy: The Telltale Series,0.05m,XOne,02nd May 17  ,Adventure
926, Black Mirror,0.05m,PS4,28th Nov 17  ,Adventure
927, Scribblenauts Mega Pack,0.05m,NS,18th Sep 18  ,Adventure
928, The Walking Dead: A Telltale Series Collection,0.05m,XOne,05th Dec 17  ,Adventure
929, Don't Starve,0.05m,PS4,17th Apr 18  ,Adventure
930, ARK Park,0.05m,PS4,30th Oct 18  ,Adventure
931, Batman: The Enemy Within,0.05m,XOne,03rd Oct 17  ,Adventure
932, Jake Hunter Detective Story: Ghost of the Dusk,0.05m,3DS,28th Sep 18  ,Adventure
933, Zero Escape The Nonary Games,0.04m,PS4,24th Mar 17  ,Adventure
934, Cat Quest,0.04m,NS,09th Oct 18  ,Adventure
935, Uta no Prince-Sama: Repeat Love,0.04m,PSV,28th Jan 17  ,Adventure
936, Adventure Time: Pirates of the Enchiridion,0.04m,XOne,17th Jul 18  ,Adventure
937, Scribblenauts Mega Pack,0.04m,XOne,18th Sep 18  ,Adventure
938, Cube Creator DX,0.04m,3DS,27th Apr 17  ,Adventure
939, Don't Starve: Giant Edition,0.04m,XOne,17th Apr 18  ,Adventure
940, Scribblenauts Mega Pack,0.04m,PS4,18th Sep 18  ,Adventure
941, ABZU,0.04m,PS4,31st Jan 17  ,Adventure
942, Punch Line,0.04m,PS4,09th Oct 18  ,Adventure
943, Attack on Titan: Escape from Certain Death,0.04m,3DS,11th May 17  ,Adventure
944, The Raven Remastered,0.03m,PS4,13th Mar 18  ,Adventure
945, Black Mirror,0.03m,XOne,28th Nov 17  ,Adventure
946, Don't Knock Twice,0.03m,PS4,27th Feb 18  ,Adventure
947, Adventure Time: Pirates of the Enchiridion,0.03m,NS,17th Jul 18  ,Adventure
948, Sukitomo. Tsukiuta. 12 Memories,0.03m,PSV,01st Jun 17  ,Adventure
949, The Pillars of the Earth,0.03m,PS4,28th Nov 17  ,Adventure
950, The Town of Light,0.03m,NS,01st Jan 18  ,Adventure
951, Wand of Fortune R2: Jikuu ni Shizumu Mokushiroku,0.03m,PSV,09th Mar 17  ,Adventure
952, The Raven Remastered,0.03m,XOne,13th Mar 18  ,Adventure
953, The Pillars of the Earth,0.03m,XOne,28th Nov 17  ,Adventure
954, The Town of Light,0.03m,PS4,24th Mar 17  ,Adventure
955, Hakuoki: Kyoto Winds,0.03m,PSV,16th May 17  ,Adventure
956, Rime,0.03m,XOne,26th May 17  ,Adventure
957, Zero Escape: Zero Time Dilemma,0.03m,PS4,18th Aug 17  ,Adventure
958, Death Mark,0.03m,NS,31st Oct 18  ,Adventure
959, Harukanaru Toki no Naka de 3 Ultimate,0.03m,PSV,23rd Feb 17  ,Adventure
960, Death Mark,0.03m,PSV,01st Jun 17  ,Adventure
961, Osomatsu-San: The Game - Hang-Up Finding Employment Advice - Dead or Work,0.03m,PSV,29th Jun 17  ,Adventure
962, 7'scarlet,0.02m,PSV,25th May 18  ,Adventure
963, Syberia,0.02m,NS,20th Oct 17  ,Adventure
964, Syberia III,0.02m,XOne,25th Apr 17  ,Adventure
965, Zero Escape The Nonary Games,0.02m,PSV,24th Mar 17  ,Adventure
966, ABZU,0.02m,XOne,31st Jan 17  ,Adventure
967, Minecraft: Story Mode - Season Two,0.02m,PC,19th Sep 17  ,Adventure
968, Uta no Prince-sama: Amazing Aria & Sweet Serenade Love,0.02m,PSV,19th Oct 17  ,Adventure
969, Code: Realize - Shukufuku no Mirai,0.02m,PSV,30th Mar 18  ,Adventure
970, New Game! The Challenge Stage!,0.02m,PSV,26th Jan 17  ,Adventure
971, Shiro to Kuro no Alice,0.02m,PSV,08th Jun 17  ,Adventure
972, Sousei no Onmyouji,0.02m,PSV,26th Jan 17  ,Adventure
973, Dark Tales: Edgar Allan Poe's The Premature Burial,0.02m,PC,01st Mar 19  ,Adventure
974, Diabolik Lovers: Lost Eden,0.02m,PSV,16th Feb 17  ,Adventure
975, Adventure Time: Pirates of the Enchiridion,0.02m,PS4,17th Jul 18  ,Adventure
976, Re:Zero - Kara Hajimeru Isekai Seikatsu - Death or Kiss,0.02m,PSV,30th Mar 17  ,Adventure
977, Kono Subarashii Sekai ni Shukufuku o! Kono Yokubukai Game ni Shinpan o!,0.02m,PSV,07th Sep 17  ,Adventure
978, Saka Agari Hurricane Portable,0.02m,PSV,27th Oct 17  ,Adventure
979, Minecraft: Story Mode - Season Two,0.02m,NS,06th Nov 18  ,Adventure
980, Gun Gun Pixies,0.02m,PSV,27th Apr 17  ,Adventure
981, Kamaitachi no Yoru: Rinne Saisei,0.02m,PSV,16th Feb 17  ,Adventure
982, The Great Ace Attorney 1 & 2 Special Edition,0.02m,3DS,03rd Aug 17  ,Adventure
983, Hiiro no Kakera: Omoi Iro no Kioku,0.02m,PSV,27th Jul 17  ,Adventure
984, Nil Admirari no Tenbin: Kuroyuri En'youtan,0.02m,PSV,21st Sep 17  ,Adventure
985, Grisaia no Kajitsu: Side Episode,0.02m,PSV,27th Jul 17  ,Adventure
986, Hana Oboro: Sengoku Denranki,0.01m,PSV,19th Jan 17  ,Adventure
987, Kenka Bancho Otome: Kanzenmuketsu no My Honey,0.01m,PSV,27th Jul 17  ,Adventure
988,  Summer Lesson: Miyamoto Hikari Collection,0.01m,PS4,25th May 17  ,Adventure
989, Flipping Death,0.01m,NS,16th Oct 18  ,Adventure
990, New Game! The Challenge Stage!,0.01m,PS4,26th Jan 17  ,Adventure
991,  Black Wolves Saga: Weiss und Schwarz,0.01m,PSV,26th Jan 17  ,Adventure
992, Ostwind/Windstorm,0.01m,PC,27th Jul 17  ,Adventure
993, World Election,0.01m,PSV,20th Jul 17  ,Adventure
994, Marginal 4: Road to Galaxy,0.01m,PSV,25th May 17  ,Adventure
995, The Town of Light,0.01m,XOne,24th Mar 17  ,Adventure
996, Occultic;Nine,0.01m,PSV,09th Nov 17  ,Adventure
997, Jake Hunter Detective Story: Prism of Eyes,0.01m,PS4,09th Aug 18  ,Adventure
998, Nora to Koujo to Noraneko Heart,0.01m,PSV,28th Sep 17  ,Adventure
999, Apollo Justice: Ace Attorney,0.01m,3DS,21st Nov 17  ,Adventure
1000, Occultic;Nine,0.01m,PS4,09th Nov 17  ,Adventure
1001, Cake-ya San Monogatari: Ooishii Sweets o Tsukurou!,0.01m,3DS,09th Nov 17  ,Adventure
1002," Shinobi, Koi Utsutsu: Kanmitsu Hana Emaki",0.01m,PSV,28th Sep 17  ,Adventure
1003, Kono Subarashii Sekai ni Shukufuku o! Kono Yokubukai Game ni Shinpan o!,0.01m,PS4,07th Sep 17  ,Adventure
1004, Jake Hunter Detective Story: Prism of Eyes,0.01m,NS,09th Aug 18  ,Adventure
1005, Yahari Game Demo Ore no Seishun Love-Kome wa Machigatteiru. & Zoku: Oatome Set,0.01m,PS4,26th Oct 17  ,Adventure
1006, Re:Zero - Kara Hajimeru Isekai Seikatsu - Death or Kiss,0.01m,PS4,30th Mar 17  ,Adventure
1007, Taishou Mebiusline: Teito Bibouroku Hare,0.01m,PSV,24th Aug 17  ,Adventure
1008," Tsumigui: Sen no Noroi, Sen no Inori for V",0.01m,PSV,29th Jun 17  ,Adventure
1009, Wagamama High Spec,0.01m,PSV,27th Jul 17  ,Adventure
1010, Utsusemi no Mawari,0.01m,PSV,27th Jul 17  ,Adventure
1011, Love of Renai Koutei of Love!,0.01m,PSV,25th May 17  ,Adventure
1012, Hatsuyuki Sakura,0.01m,PSV,23rd Mar 17  ,Adventure
1013, Side Kicks!,0.01m,PSV,23rd Mar 17  ,Adventure
1014, RepKiss,0.01m,PSV,13th Apr 17  ,Adventure
1015, Teikoku Kaleido: Kakumei no Rondo,0.01m,PSV,21st Sep 17  ,Adventure
1016, Fata Morgana no Kan: Collected Edition,0.01m,PSV,16th Mar 17  ,Adventure
1017, Fortissimo,0.01m,PSV,08th Mar 18  ,Adventure
1018, Chouchou Jiken Rhapsodic,0.01m,PSV,30th Nov 17  ,Adventure
1019, NG,0.01m,PSV,13th Sep 18  ,Adventure
1020, Karumaruka Circle,0.01m,PSV,29th Jun 17  ,Adventure
1021, Rewrite: Harvest Festa!,0.01m,PSV,18th May 17  ,Adventure
1022, Moujuu-Tachi to Ohimesama: In Blossom,0.01m,PSV,07th Sep 17  ,Adventure
1023, Akiba's Trip 2+A,0.01m,PS4,02nd Feb 17  ,Adventure
1024, Date A Live: Rio Reincarnation HD,0.01m,PS4,12th Oct 17  ,Adventure
1025,  Hanasaki Work Spring!,0.01m,PSV,27th Apr 17  ,Adventure
1026, Orfleurs: Koufuku no Hanataba,0.01m,PSV,16th Jan 17  ,Adventure
1027, Wand of Fortune R2 FD: Kimi ni Sasageru Epilogue,0.01m,PSV,04th Oct 18  ,Adventure
1028, Kurenai no Homura: Sanada Ninpou Chou,0.01m,PSV,26th Jun 18  ,Adventure
1029, Leisure Suit Larry: Wet Dreams Don't Dry,0.01m,PC,07th Nov 18  ,Adventure
1030, Tsuihou Senkyo,0.01m,PSV,27th Apr 17  ,Adventure
1031, Yuukyuu no Tierblade: Fragments of Memory,0.01m,PSV,05th Oct 17  ,Adventure
1032, Timepiece Ensemble,0.01m,PSV,23rd Feb 17  ,Adventure
1033, Syberia 2,0.01m,NS,30th Nov 17  ,Adventure
1034, Oretachi no Sekai wa Shimatteiru,0.01m,PSV,09th Nov 17  ,Adventure
1035, Heiligenstadt no Uta,0.01m,PSV,28th Sep 17  ,Adventure
1036,  Iwaihime: Matsuri,0.01m,PSV,07th Sep 17  ,Adventure
1037, Island,0.01m,PSV,23rd Feb 17  ,Adventure
1038, Enigmatis 3: The Shadow Of Karkhala,0.01m,PC,30th Jun 17  ,Adventure
1039, Steam Prison: Nanatsu no Bitoku,0.01m,PSV,26th Sep 17  ,Adventure
1040, Kamidanomi Shisugite Ore no Mirai ga Yabai.,0.01m,PSV,22nd Nov 17  ,Adventure
1041, KLAP!! Kind Love And Punish: Fun Party,0.01m,PSV,30th Mar 17  ,Adventure
1042,  Tokeijikake no Ley Line: Kagerou ni Samayou Majo,0.01m,PSV,27th Apr 17  ,Adventure
1043, Dynamic Chord feat. Apple-Polisher: V Edition,0.01m,PSV,28th Jun 18  ,Adventure
1044, Tokyo Yamanote Boys for V: Main Disc,0.01m,PSV,22nd Jun 17  ,Adventure
1045, Desire: Remaster Version,0.00m,PSV,27th Apr 17  ,Adventure
1046, Dynamic Chord feat. Kyohso: V Edition,0.00m,PSV,30th Mar 17  ,Adventure
1047, Owaru Sekai to Birthday,0.00m,PSV,11th May 17  ,Adventure
1048, Beniiro Tenjou Ayakashi Kitan Futaai,0.00m,PSV,29th Nov 18  ,Adventure
1049, Usotsuki Shangri-La,0.00m,PSV,30th Nov 17  ,Adventure
1050,  Iwaihime: Matsuri,0.00m,PS4,07th Sep 17  ,Adventure
1051, RepKiss,0.00m,PS4,13th Apr 17  ,Adventure
1052, Ninki Seiyuu no Tsukurikata,0.00m,PSV,25th Jan 18  ,Adventure
1053, Crank In,0.00m,PSV,31st Aug 17  ,Adventure
1054, Greed: Forbidden Experiments,0.00m,PC,30th Jun 17  ,Adventure
1055, Lost Grimoires: Stolen Kingdom,0.00m,PC,30th Jun 17  ,Adventure
1056, Tsuihou Senkyo,0.00m,PS4,27th Apr 17  ,Adventure
1057, Danganronpa 1-2 Reload,0.00m,PSV,18th May 17  ,Adventure
1058, Ephemeral: Fantasy on Dark,0.00m,PSV,18th Jan 18  ,Adventure
1059, Starry Sky: Summer Stories,0.00m,PSV,11th May 17  ,Adventure
1060, Island,0.00m,PS4,28th Jun 18  ,Adventure
1061, Tonari ni Kanojo no Iru Shiawase: Winter Guest,0.00m,PS4,28th Jun 18  ,Adventure
1062, Red Dead Redemption 2,13.94m,PS4,26th Oct 18  ,Action-Adventure
1063, Red Dead Redemption 2,5.77m,XOne,26th Oct 18  ,Action-Adventure
1064, Assassin's Creed Odyssey,3.18m,PS4,05th Oct 18  ,Action-Adventure
1065, Shadow of the Tomb Raider,1.74m,PS4,14th Sep 18  ,Action-Adventure
1066, Assassin's Creed Odyssey,1.39m,XOne,05th Oct 18  ,Action-Adventure
1067, Shadow of the Colossus,1.20m,PS4,06th Feb 18  ,Action-Adventure
1068, Sea of Thieves,0.96m,XOne,20th Mar 18  ,Action-Adventure
1069, Shadow of the Tomb Raider,0.78m,XOne,14th Sep 18  ,Action-Adventure
1070, Starlink: Battle for Atlas,0.57m,NS,16th Oct 18  ,Action-Adventure
1071, Metroid: Samus Returns,0.56m,3DS,15th Sep 17  ,Action-Adventure
1072, Just Cause 4,0.56m,PS4,04th Dec 18  ,Action-Adventure
1073, Hitman 2,0.51m,PS4,13th Nov 18  ,Action-Adventure
1074, State of Decay 2,0.46m,XOne,22nd May 18  ,Action-Adventure
1075, LEGO DC Super-Villains,0.46m,PS4,16th Oct 18  ,Action-Adventure
1076, LEGO DC Super-Villains,0.44m,NS,16th Oct 18  ,Action-Adventure
1077, Gravity Rush 2,0.35m,PS4,20th Jan 17  ,Action-Adventure
1078, LEGO DC Super-Villains,0.30m,XOne,16th Oct 18  ,Action-Adventure
1079, Just Cause 4,0.29m,XOne,04th Dec 18  ,Action-Adventure
1080, Shenmue I & II,0.27m,PS4,21st Aug 18  ,Action-Adventure
1081, No Man's Sky,0.23m,XOne,24th Jul 18  ,Action-Adventure
1082, Hitman 2,0.22m,XOne,13th Nov 18  ,Action-Adventure
1083, Judgment ,0.22m,PS4,25th Jun 19  ,Action-Adventure
1084, Conan Exiles,0.21m,PS4,08th May 18  ,Action-Adventure
1085, Dead Rising 4: Frank's Big Package,0.16m,PS4,05th Dec 17  ,Action-Adventure
1086, Assassin's Creed Rogue Remastered,0.15m,PS4,20th Mar 18  ,Action-Adventure
1087, We Happy Few,0.14m,PS4,10th Aug 18  ,Action-Adventure
1088, Starlink: Battle for Atlas,0.10m,PS4,16th Oct 18  ,Action-Adventure
1089, Starlink: Battle for Atlas,0.10m,XOne,16th Oct 18  ,Action-Adventure
1090, We Happy Few,0.09m,XOne,10th Aug 18  ,Action-Adventure
1091, ARK: Survival Evolved,0.08m,NS,30th Nov 18  ,Action-Adventure
1092, Disneyland Adventures,0.07m,XOne,31st Oct 17  ,Action-Adventure
1093, Shenmue I & II,0.07m,XOne,21st Aug 18  ,Action-Adventure
1094,  City Shrouded in Shadow,0.07m,PS4,19th Oct 17  ,Action-Adventure
1095, Asterix and Obelix XXL2,0.06m,NS,29th Nov 18  ,Action-Adventure
1096, Conan Exiles,0.06m,XOne,08th May 18  ,Action-Adventure
1097, Assassin's Creed Odyssey,0.06m,PC,05th Oct 18  ,Action-Adventure
1098, Disaster Report 4 Plus: Summer Memories,0.05m,PS4,07th Apr 20  ,Action-Adventure
1099, Yakuza 3,0.05m,PS4,09th Aug 18  ,Action-Adventure
1100, Hellblade: Senua's Sacrifice,0.05m,PS4,04th Dec 18  ,Action-Adventure
1101, Yomawari: The Long Night Collection,0.05m,NS,30th Oct 18  ,Action-Adventure
1102, Hotel Transylvania 3: Monsters Overboard,0.04m,XOne,10th Jul 18  ,Action-Adventure
1103, Earthfall,0.04m,PS4,13th Jul 18  ,Action-Adventure
1104, Asterix and Obelix XXL2,0.04m,PS4,29th Nov 18  ,Action-Adventure
1105, Hotel Transylvania 3: Monsters Overboard,0.04m,PS4,10th Jul 18  ,Action-Adventure
1106, Assassin's Creed Rogue Remastered,0.04m,XOne,20th Mar 18  ,Action-Adventure
1107, Monster Boy and the Cursed Kingdom,0.04m,NS,06th Nov 18  ,Action-Adventure
1108, The Persistence,0.04m,PS4,24th Jul 18  ,Action-Adventure
1109, Earthfall,0.03m,XOne,13th Jul 18  ,Action-Adventure
1110, Override: Mech City Brawl,0.03m,PS4,04th Dec 18  ,Action-Adventure
1111, Beast Quest,0.03m,PS4,13th Mar 18  ,Action-Adventure
1112, Record of Grancrest War,0.03m,PS4,14th Jun 18  ,Action-Adventure
1113, Beast Quest,0.03m,XOne,13th Mar 18  ,Action-Adventure
1114, Onimusha: Warlords,0.03m,PS4,15th Jan 19  ,Action-Adventure
1115, Darksiders: Warmastered Edition,0.03m,WiiU,23rd May 17  ,Action-Adventure
1116, Agony,0.03m,PS4,29th May 18  ,Action-Adventure
1117, The Girl and the Robot,0.03m,PS4,29th Sep 17  ,Action-Adventure
1118, Agony,0.02m,XOne,29th May 18  ,Action-Adventure
1119, Override: Mech City Brawl,0.02m,XOne,04th Dec 18  ,Action-Adventure
1120, Border Break,0.02m,PS4,02nd Aug 18  ,Action-Adventure
1121, Max: The Curse of Brotherhood,0.01m,NS,24th Apr 18  ,Action-Adventure
1122, Far Cry 3: Classic Edition,0.01m,PS4,05th Jul 18  ,Action-Adventure
1123, Hotel Transylvania 3: Monsters Overboard,0.01m,NS,10th Jul 18  ,Action-Adventure
1124, Onimusha: Warlords,0.01m,NS,15th Jan 19  ,Action-Adventure
1125, Legend of Kay Anniversary,0.01m,NS,29th May 18  ,Action-Adventure
1126, Assassin's Creed Origins,4.06m,PS4,27th Oct 17  ,Action
1127, Far Cry 5,3.95m,PS4,27th Mar 18  ,Action
1128, Assassin's Creed Origins,2.47m,XOne,27th Oct 17  ,Action
1129, Uncharted: The Lost Legacy,2.37m,PS4,22nd Aug 17  ,Action
1130, Middle-Earth: Shadow of War,2.04m,PS4,10th Oct 17  ,Action
1131, Far Cry 5,1.78m,XOne,27th Mar 18  ,Action
1132, For Honor,1.75m,PS4,14th Feb 17  ,Action
1133, Middle-Earth: Shadow of War,1.15m,XOne,10th Oct 17  ,Action
1134, LEGO Marvel Super Heroes 2,1.11m,PS4,14th Nov 17  ,Action
1135, The Evil Within 2,1.05m,PS4,13th Oct 17  ,Action
1136, Monster Hunter: World,0.93m,XOne,26th Jan 18  ,Action
1137, Fortnite,0.89m,PS4,21st Jul 17  ,Action
1138, For Honor,0.87m,XOne,14th Feb 17  ,Action
1139, Hitman,0.78m,PS4,31st Jan 17  ,Action
1140, Fortnite,0.77m,XOne,21st Jul 17  ,Action
1141, Monster Hunter Generations Ultimate,0.72m,NS,28th Aug 18  ,Action
1142, Diablo III: Eternal Collection,0.67m,NS,02nd Nov 18  ,Action
1143, LEGO Marvel Super Heroes 2,0.67m,NS,14th Nov 17  ,Action
1144, LEGO The Incredibles,0.63m,NS,15th Jun 18  ,Action
1145, The Lego Ninjago Movie Videogame,0.57m,PS4,22nd Sep 17  ,Action
1146, LEGO Marvel Super Heroes 2,0.57m,XOne,14th Nov 17  ,Action
1147, LEGO The Incredibles,0.53m,PS4,15th Jun 18  ,Action
1148, Fire Emblem Warriors,0.51m,NS,20th Oct 17  ,Action
1149, Attack on Titan,0.50m,PS4,01st Jan 17  ,Action
1150, A Way Out,0.48m,PS4,23rd Mar 18  ,Action
1151, Friday the 13th: The Game,0.48m,PS4,13th Oct 17  ,Action
1152, Dragon Quest Heroes II: Twin Kings and the Prophecy's End,0.47m,PS4,25th Apr 17  ,Action
1153, Hyrule Warriors: Definitive Edition,0.46m,NS,18th May 18  ,Action
1154, Hello Neighbor,0.42m,XOne,08th Dec 17  ,Action
1155, The Lego Ninjago Movie Videogame,0.40m,NS,22nd Sep 17  ,Action
1156, The Evil Within 2,0.39m,XOne,13th Oct 17  ,Action
1157, Dynasty Warriors 9,0.37m,PS4,13th Feb 18  ,Action
1158, Yakuza: Kiwami 2,0.37m,PS4,28th Aug 18  ,Action
1159, Okami HD,0.36m,PS4,12th Dec 17  ,Action
1160, Fist of The North Star: Lost Paradise,0.36m,PS4,02nd Oct 18  ,Action
1161, Nintendo Labo: Toy-Con 02 Robot Kit,0.36m,NS,20th Apr 18  ,Action
1162, Hello Neighbor,0.35m,PS4,27th Jul 18  ,Action
1163, Dishonored: Death of the Outsider,0.33m,PS4,15th Sep 17  ,Action
1164, The Lego Ninjago Movie Videogame,0.33m,XOne,22nd Sep 17  ,Action
1165, LEGO Harry Potter Collection ,0.33m,NS,30th Oct 18  ,Action
1166, LEGO The Incredibles,0.32m,XOne,15th Jun 18  ,Action
1167, Hitman,0.31m,XOne,31st Jan 17  ,Action
1168, Naruto to Boruto: Shinobi Striker,0.29m,PS4,31st Aug 18  ,Action
1169, Star Trek Bridge Crew,0.28m,PS4,30th May 17  ,Action
1170, The Binding of Isaac: Afterbirth+,0.28m,NS,17th Mar 17  ,Action
1171, Gundam Versus,0.28m,PS4,29th Sep 17  ,Action
1172, Fate/Extella: The Umbral Star,0.27m,PS4,17th Jan 17  ,Action
1173, Friday the 13th: The Game,0.27m,XOne,13th Oct 17  ,Action
1174, Tokyo Jungle,0.26m,PS3,31st Dec 20  ,Action
1175, Darksiders III,0.25m,PS4,27th Nov 18  ,Action
1176, Hello Neighbor,0.24m,NS,27th Jul 18  ,Action
1177, The Escapists 2,0.24m,PS4,22nd Aug 17  ,Action
1178, A Way Out,0.24m,XOne,23rd Mar 18  ,Action
1179, Attack on Titan 2,0.23m,NS,20th Mar 18  ,Action
1180, Metal Gear Survive,0.23m,PS4,20th Feb 18  ,Action
1181, Dead by Daylight,0.22m,PS4,20th Jun 17  ,Action
1182, Attack on Titan 2,0.22m,PS4,20th Mar 18  ,Action
1183, LEGO Harry Potter Collection,0.22m,XOne,30th Oct 18  ,Action
1184, Outlast Trinity,0.22m,PS4,25th Apr 17  ,Action
1185, Warriors  Orochi 4,0.22m,PS4,16th Oct 18  ,Action
1186, Fate/Extella: The Umbral Star,0.21m,NS,25th Jul 17  ,Action
1187, Devil May Cry HD Collection,0.21m,PS4,13th Mar 18  ,Action
1188, Agents of Mayhem,0.20m,PS4,15th Aug 17  ,Action
1189, The Surge,0.19m,PS4,16th May 17  ,Action
1190, Naruto to Boruto: Shinobi Striker,0.19m,XOne,31st Aug 18  ,Action
1191, Resident Evil: Revelations,0.18m,PS4,29th Aug 17  ,Action
1192, Mobile Suit Gundam: Extreme VS Force,0.18m,PSV,01st Jan 17  ,Action
1193, Katamari Damacy Reroll,0.17m,NS,07th Dec 18  ,Action
1194, Axiom Verge,0.17m,NS,21st Nov 17  ,Action
1195, Berserk and the Band of the Hawk,0.16m,PS4,21st Feb 17  ,Action
1196, Fire Emblem Warriors,0.15m,3DS,20th Oct 17  ,Action
1197, Toukiden 2,0.15m,PSV,21st Mar 17  ,Action
1198, The Escapists 2,0.15m,XOne,22nd Aug 17  ,Action
1199, Fate/Extella: The Umbral Star,0.15m,PSV,17th Jan 17  ,Action
1200, Attack on Titan,0.15m,PSV,01st Jan 17  ,Action
1201, Toukiden 2,0.15m,PS4,21st Mar 17  ,Action
1202, Has-Been Heroes,0.14m,NS,28th Mar 17  ,Action
1203, Dishonored: Death of the Outsider,0.14m,XOne,15th Sep 17  ,Action
1204, New Gundam Breaker,0.13m,PS4,22nd Jun 18  ,Action
1205, Outlast Trinity,0.13m,XOne,25th Apr 17  ,Action
1206, The Inpatient,0.13m,PS4,23rd Jan 18  ,Action
1207, Dead by Daylight,0.12m,XOne,20th Jun 17  ,Action
1208, Darksiders III,0.12m,XOne,27th Nov 18  ,Action
1209, Fate/Extella Link,0.12m,PS4,19th Feb 19  ,Action
1210, The Surge,0.12m,XOne,16th May 17  ,Action
1211, Dead Cells,0.11m,NS,15th Aug 18  ,Action
1212, Agents of Mayhem,0.11m,XOne,15th Aug 17  ,Action
1213, Troll and I,0.10m,NS,15th Aug 17  ,Action
1214, Pac-Man Championship Edition 2 + Arcade Game Series,0.10m,PS4,28th Feb 17  ,Action
1215, Warriors All-Stars,0.10m,PS4,29th Aug 17  ,Action
1216, Mega Man Legacy Collection 2,0.10m,PS4,08th Aug 17  ,Action
1217, Accel World vs. Sword Art Online: Millennium Twilight,0.10m,PS4,07th Jul 17  ,Action
1218, Nights of Azure 2,0.09m,PS4,24th Oct 17  ,Action
1219, Attack on Titan 2,0.09m,XOne,20th Mar 18  ,Action
1220, Destroy All Humans! Path of the Furon,0.09m,PS3,31st Dec 20  ,Action
1221, Cartoon Network: Battle Crashers,0.08m,NS,31st Oct 17  ,Action
1222, Ben 10 (2017),0.08m,NS,14th Nov 17  ,Action
1223, Dynasty Warriors 9,0.08m,XOne,13th Feb 18  ,Action
1224, Akiba's Beat,0.08m,PS4,16th May 17  ,Action
1225, Metal Gear Survive,0.08m,XOne,20th Feb 18  ,Action
1226, Samurai Warriors: Spirit of Sanada,0.07m,PS4,23rd May 17  ,Action
1227, Far Cry 5,0.07m,PC,27th Feb 18  ,Action
1228, Attack on Titan,0.07m,PS3,01st Jan 17  ,Action
1229, Has-Been Heroes,0.07m,PS4,28th Mar 17  ,Action
1230, Styx: Shards of Darkness,0.07m,PS4,14th Mar 17  ,Action
1231, Attack on Titan 2: Future Coordinates,0.07m,3DS,30th Nov 17  ,Action
1232, One Piece: Unlimited World Red Deluxe Edition,0.07m,NS,29th Sep 17  ,Action
1233, Middle-Earth: Shadow of War,0.07m,PC,10th Oct 17  ,Action
1234, SG/ZH: School Girl/Zombie Hunter,0.07m,PS4,17th Nov 17  ,Action
1235, Accel World vs. Sword Art Online: Millennium Twilight,0.07m,PSV,07th Jul 17  ,Action
1236, Bad Apple Wars,0.07m,PSV,13th Oct 17  ,Action
1237, Nights of Azure 2: Bride of the New Moon,0.06m,NS,24th Oct 17  ,Action
1238, Ittle Dew 2+,0.06m,NS,14th Nov 17  ,Action
1239, Girls und Panzer: Dream Tank Match,0.06m,PS4,22nd Feb 18  ,Action
1240, Fate/Extella Link,0.06m,PSV,07th Jun 18  ,Action
1241, Deformers,0.06m,PS4,21st Apr 17  ,Action
1242, Yomawari: Midnight Shadows,0.06m,PS4,24th Oct 17  ,Action
1243, Okami HD,0.06m,XOne,12th Dec 17  ,Action
1244, Azure Striker Gunvolt: Striker Pack,0.06m,NS,21st Nov 17  ,Action
1245, Extinction,0.06m,PS4,10th Apr 18  ,Action
1246, Gintama Ranbu,0.06m,PS4,18th Jan 18  ,Action
1247, One Piece: Pirate Warriors 3 - Deluxe Edition,0.06m,NS,11th May 18  ,Action
1248, Sine Mora EX,0.06m,PS4,08th Aug 17  ,Action
1249, Tiny Barbarian DX,0.06m,NS,10th Oct 17  ,Action
1250, Styx: Shards of Darkness,0.06m,XOne,14th Mar 17  ,Action
1251, Touhou Genso Wanderer,0.05m,PS4,21st Mar 17  ,Action
1252, Collar x Malice,0.05m,PSV,28th Jul 17  ,Action
1253, Has-Been Heroes,0.05m,XOne,28th Mar 17  ,Action
1254, Deformers,0.05m,XOne,21st Apr 17  ,Action
1255, Extinction,0.05m,XOne,10th Apr 18  ,Action
1256, Apex Construct,0.05m,PS4,28th Aug 18  ,Action
1257, The Escapists 2,0.05m,NS,30th Oct 18  ,Action
1258, Ben 10 (2017),0.05m,PS4,14th Nov 17  ,Action
1259, Warriors All-Stars,0.05m,PSV,30th Mar 17  ,Action
1260, Dead Cells,0.05m,PS4,15th Aug 18  ,Action
1261, Vikings: Wolves of Midgard,0.04m,PS4,28th Mar 17  ,Action
1262, Devil May Cry HD Collection,0.04m,XOne,13th Mar 18  ,Action
1263, For Honor,0.04m,PC,14th Feb 17  ,Action
1264, Minna de Wai Wai! Spelunker,0.04m,NS,20th Apr 17  ,Action
1265, Senran Kagura Burst Re:Newal,0.04m,PS4,15th Jan 19  ,Action
1266, Anima - Gate of Memories,0.04m,PS4,21st Mar 17  ,Action
1267, Sine Mora EX,0.04m,NS,26th Sep 17  ,Action
1268, Unbox: Newbie's Adventure,0.04m,PS4,26th Jul 17  ,Action
1269, Dark Souls Trilogy,0.04m,XOne,19th Oct 18  ,Action
1270, Okami HD,0.04m,NS,09th Aug 18  ,Action
1271, Yonder: The Cloud Catcher Chronicles,0.04m,PS4,25th Jul 17  ,Action
1272, Gintama Ranbu,0.04m,PSV,18th Jan 18  ,Action
1273, Doraemon the Movie: Nobita no Nankyoku Kachikochi Daibouken,0.04m,3DS,02nd Mar 17  ,Action
1274, Sine Mora EX,0.04m,XOne,08th Aug 17  ,Action
1275, Warriors  Orochi 4,0.04m,XOne,16th Oct 18  ,Action
1276, Akiba's Beat,0.03m,PSV,16th May 17  ,Action
1277, Attack on Titan 2,0.03m,PSV,15th Mar 18  ,Action
1278, Code of  Princess EX,0.03m,NS,31st Jul 18  ,Action
1279, Raiden V,0.03m,PS4,10th Oct 17  ,Action
1281, Cyber Troopers: Virtual On x Toaru Majutsu no Index: Toaru Majutsu no Dennou Senki,0.03m,PS4,15th Feb 18  ,Action
1282, 100% Pascal Sensei: Kanpeki Paint Bombers,0.03m,3DS,13th Jul 17  ,Action
1283, Labyrinth of Refrain: Coven of Dusk,0.03m,PS4,18th Sep 18  ,Action
1284, Troll and I,0.03m,PS4,21st Mar 17  ,Action
1285, Carmageddon: Max Damage,0.03m,XOne,01st Jan 17  ,Action
1286, Utawarerumono Zan,0.03m,PS4,27th Sep 18  ,Action
1287, The Lost Child,0.03m,PS4,19th Jun 18  ,Action
1288, Shinsei Batteki Drive Girls,0.03m,PSV,08th Sep 17  ,Action
1289, Yomawari: Midnight Shadows,0.03m,PSV,24th Oct 17  ,Action
1290, The Longest 5 Minutes,0.03m,NS,13th Feb 18  ,Action
1291, Yonder: The Cloud Catcher Chronicles,0.03m,NS,12th Jun 18  ,Action
1292, Ben 10 (2017),0.03m,XOne,14th Nov 17  ,Action
1293, Doraemon: Nobita no Takarajima,0.03m,3DS,01st Mar 18  ,Action
1294, Cladun Returns: This Is Sengoku!,0.03m,PS4,06th Jun 17  ,Action
1295, Past Cure,0.03m,PS4,23rd Feb 18  ,Action
1296, The Longest 5 Minutes,0.02m,PSV,13th Feb 18  ,Action
1297, 88 Heroes: 98 Heroes Edition,0.02m,NS,10th Oct 17  ,Action
1298, Bullet Girls: Phantasia,0.02m,PS4,09th Aug 18  ,Action
1299," Warhammer 40,000: Deathwatch",0.02m,PS4,14th Aug 18  ,Action
1300, Super Run For Money Tousouchuu & Sentouchuu,0.02m,NS,29th Nov 18  ,Action
1301," Warhammer 40,000: Inquisitor - Martyr",0.02m,PS4,28th Aug 18  ,Action
1302, Pharaonic,0.02m,XOne,29th Sep 17  ,Action
1303, Titan Quest,0.02m,XOne,20th Mar 18  ,Action
1304, Resident Evil: Revelations,0.02m,XOne,29th Aug 17  ,Action
1305, Brothers Conflict: Precious Baby,0.02m,PSV,07th Apr 17  ,Action
1306, Titan Quest,0.02m,PS4,20th Mar 18  ,Action
1307, Cladun Returns: This Is Sengoku!,0.02m,PSV,26th May 17  ,Action
1308, Psychedelica of the Black Butterfly,0.02m,PSV,27th Mar 18  ,Action
1309, Cyber Troopers: Virtual On x Toaru Majutsu no Index: Toaru Majutsu no Dennou Senki,0.02m,PSV,15th Feb 18  ,Action
1310, Shaq-Fu: A Legend Reborn,0.02m,PS4,05th Jun 18  ,Action
1311, Shaq-Fu: A Legend Reborn,0.02m,NS,05th Jun 18  ,Action
1312, Troll and I,0.02m,XOne,21st Mar 17  ,Action
1313, Past Cure,0.02m,XOne,23rd Feb 18  ,Action
1314, Shaq-Fu: A Legend Reborn,0.02m,XOne,05th Jun 18  ,Action
1315, Mega Man Legacy Collection 2,0.02m,XOne,08th Aug 17  ,Action
1316," Warhammer 40,000: Inquisitor - Martyr",0.02m,XOne,28th Aug 18  ,Action
1317, Vikings: Wolves of Midgard,0.02m,PC,28th Mar 17  ,Action
1318, Vikings: Wolves of Midgard,0.02m,XOne,28th Mar 17  ,Action
1319, Fortnite,0.02m,PC,21st Jul 17  ,Action
1320, Nights of Azure 2,0.02m,PSV,31st Aug 17  ,Action
1321, Pharaonic,0.02m,PS4,29th Sep 17  ,Action
1322, White Day: A Labyrinth Named School (2017),0.02m,PS4,29th Aug 17  ,Action
1323, Yoku's Island Express,0.02m,XOne,19th Jun 18  ,Action
1324, Let It Die,0.01m,PS4,31st Dec 20  ,Action
1325, Unbox: Newbie's Adventure,0.01m,NS,01st Nov 17  ,Action
1326, Bullet Girls: Phantasia,0.01m,PSV,09th Aug 18  ,Action
1327, Yoku's Island Express,0.01m,PS4,19th Jun 18  ,Action
1328, Titan Quest,0.01m,NS,31st Jul 18  ,Action
1329, Nari Kids Park: Hugtto! PreCure,0.01m,NS,21st Nov 18  ,Action
1330, Fujiko F. Fujio Characters: Great Assembly! Slightly Fantastic Slapstick Party,0.01m,3DS,31st Dec 20  ,Action
1331, Has-Been Heroes,0.01m,PC,28th Mar 17  ,Action
1332, Warriors Orochi 3,0.01m,NS,09th Nov 17  ,Action
1333, Deformers,0.01m,PC,21st Apr 17  ,Action
1334, CharadeManiacs,0.01m,PSV,09th Aug 18  ,Action
1335, Yoku's Island Express,0.01m,NS,19th Jun 18  ,Action
1336, Ketsui Deathtiny: Kizuna Jigoku Tachi,0.01m,PS4,29th Nov 18  ,Action
1337, Darksiders III,0.01m,PC,27th Nov 18  ,Action
1338, One Piece: Unlimited World Red Deluxe Edition,0.01m,PS4,25th Aug 17  ,Action
1339, Darius Burst: Chronicle Saviours,0.01m,PS4,30th Mar 17  ,Action
1340, Nari Kids Park: Ultraman R/B,0.00m,NS,21st Nov 18  ,Action
1341, Dynasty Warriors 8: Empires,0.00m,NS,09th Nov 17  ,Action
1342, Samurai Warriors: Sanada Maru,0.00m,NS,09th Nov 17  ,Action
1343, Shin Megami Tensei IV Double Hero Pack,0.00m,3DS,19th Apr 18  ,Action
1344, Dillon's Dead-Heat Breakers,0.00m,3DS,26th Apr 18  ,Action
1345, Crayon Shin-Chan Gekiatsu! Oden Wa ~ Rudo Dai Konran!!,0.00m,3DS,30th Nov 17  ,Action
1346, Fujiko F. Fujio Characters: Great Assembly! Slightly Fantastic Slapstick Party,0.00m,WiiU,31st Dec 20  ,Action
1347,  War Thunder,0.00m,PS4,27th Apr 17  ,Action
1348, Hello Neighbor,0.00m,PC,08th Dec 17  ,Action
1349, Nari Kids Park: Kaitou Sentai Lupinranger Vs. Keisatsu Sentai Patoranger,0.00m,NS,21st Nov 18  ,Action
1350, Kingdom Hearts HD I.5 + II.5 ReMIX,0.00m,PS4,28th Mar 17  ,Action
